Date,Close,High,Low,Open,Volume
2020-11-24,2380.25,2429.89990234375,2350.0,2367.949951171875,543631
2020-11-25,2360.800048828125,2399.5,2350.0,2370.0,439765
2020-11-26,2373.050048828125,2396.89990234375,2343.199951171875,2353.0,333431
2020-11-27,2289.199951171875,2395.0,2220.050048828125,2373.0,1604427
2020-12-01,2426.699951171875,2450.0,2315.0,2330.0,912165
2020-12-02,2456.0,2473.0,2380.14990234375,2435.0,494720
2020-12-03,2470.85009765625,2479.300048828125,2440.0,2460.10009765625,393025
2020-12-04,2441.89990234375,2469.949951171875,2415.550048828125,2469.949951171875,310934
2020-12-07,2526.449951171875,2540.5,2413.0,2441.89990234375,918509
2020-12-08,2652.10009765625,2689.0,2520.0,2530.0,2106893
2020-12-09,2625.300048828125,2755.0,2586.0,2652.0,1254592
2020-12-10,2622.050048828125,2673.5,2575.85009765625,2630.0,713356
2020-12-11,2685.10009765625,2715.0,2632.0,2647.0,595814
2020-12-14,2671.949951171875,2745.0,2651.25,2715.0,486459
2020-12-15,2640.050048828125,2688.89990234375,2624.5,2672.0,257299
2020-12-16,2627.050048828125,2678.449951171875,2605.0,2650.050048828125,452432
2020-12-17,2556.050048828125,2650.0,2503.0,2645.0,796303
2020-12-18,2637.050048828125,2650.0,2555.0,2574.0,681413
2020-12-21,2682.39990234375,2715.0,2460.800048828125,2645.0,1195766
2020-12-22,2625.75,2678.300048828125,2552.25,2676.0,744981
2020-12-23,2661.85009765625,2675.0,2621.300048828125,2650.0,374135
2020-12-24,2673.10009765625,2700.0,2604.800048828125,2661.85009765625,432162
2020-12-28,2678.0,2698.949951171875,2655.0,2685.949951171875,319378
2020-12-29,2665.699951171875,2694.699951171875,2645.0,2690.0,345136
2020-12-30,2680.300048828125,2725.0,2642.35009765625,2666.199951171875,479318
2020-12-31,2763.60009765625,2780.0,2670.0,2691.0,984705
2021-01-01,2789.10009765625,2804.10009765625,2747.0,2767.0,432860
2021-01-04,2898.449951171875,2949.0,2805.0,2808.0,868534
2021-01-05,2991.14990234375,3064.0,2810.10009765625,2890.0,808892
2021-01-06,2914.949951171875,3100.0,2832.800048828125,3006.449951171875,1112886
2021-01-07,2921.449951171875,3008.0,2880.0,2971.699951171875,872261
2021-01-08,2967.5,2999.0,2932.25,2949.89990234375,742344
2021-01-11,2984.85009765625,3137.0,2940.0,3137.0,1845898
2021-01-12,2998.199951171875,3009.5,2939.449951171875,2959.0,1081702
2021-01-13,2926.10009765625,3008.64990234375,2878.5,3001.0,421057
2021-01-14,2895.550048828125,2940.0,2875.25,2939.0,340922
2021-01-15,2820.949951171875,2920.0,2801.0,2904.0,356133
2021-01-18,2744.89990234375,2829.89990234375,2715.0,2800.0,518632
2021-01-19,2778.39990234375,2818.60009765625,2750.0,2754.89990234375,317833
2021-01-20,2764.949951171875,2798.0,2740.10009765625,2797.85009765625,303828
2021-01-21,2719.14990234375,2802.949951171875,2701.0,2775.0,342825
2021-01-22,2862.75,2899.0,2730.0,2730.10009765625,1027906
2021-01-25,2837.0,2940.64990234375,2805.39990234375,2894.0,460306
2021-01-27,2811.75,2889.550048828125,2790.0,2850.699951171875,550088
2021-01-28,2794.449951171875,2879.75,2771.0,2812.0,620348
2021-01-29,2651.5,2836.0,2610.0,2825.0,900893
2021-02-01,2812.0,2894.0,2640.0,2700.0,1120547
2021-02-02,2869.10009765625,2907.0,2781.699951171875,2820.5,837632
2021-02-03,2877.0,2945.75,2825.199951171875,2864.800048828125,575810
2021-02-04,2959.85009765625,2975.0,2871.0,2891.35009765625,592418
2021-02-05,2946.050048828125,2987.0,2922.85009765625,2959.949951171875,349721
2021-02-08,2984.39990234375,3009.0,2910.5,2948.0,442778
2021-02-09,2925.0,3007.89990234375,2900.0,3005.0,281240
2021-02-10,2967.699951171875,2980.0,2910.35009765625,2925.0,326068
2021-02-11,2951.89990234375,2998.0,2924.14990234375,2975.0,236560
2021-02-12,2928.89990234375,2963.550048828125,2915.0,2960.0,188886
2021-02-15,3044.550048828125,3060.0,2933.0,2955.0,868075
2021-02-16,3130.85009765625,3155.0,3045.949951171875,3054.0,792804
2021-02-17,3190.25,3242.0,3090.0,3120.0,918192
2021-02-18,3127.75,3220.699951171875,3052.14990234375,3220.699951171875,697912
2021-02-19,3101.64990234375,3166.0,3058.0,3127.64990234375,404442
2021-02-22,2992.60009765625,3108.39990234375,2950.0,3093.550048828125,293190
2021-02-23,3151.949951171875,3174.0,2987.300048828125,3000.0,605901
2021-02-24,3139.699951171875,3164.0,2900.0,3143.0,188724
2021-02-25,3089.199951171875,3175.85009765625,3070.0,3150.0,405664
2021-02-26,2994.199951171875,3105.0,2950.0,3059.800048828125,1005185
2021-03-01,2908.449951171875,3024.14990234375,2900.0,3023.39990234375,439920
2021-03-02,3073.5,3106.0,2885.5,2908.449951171875,721426
2021-03-03,3167.699951171875,3179.0,3085.0,3100.0,675749
2021-03-04,3178.699951171875,3213.85009765625,3115.0,3129.89990234375,635423
2021-03-05,3286.10009765625,3330.0,3120.0,3130.0,1535808
2021-03-08,3191.14990234375,3309.0,3170.0,3309.0,406746
2021-03-09,3151.85009765625,3254.25,3120.14990234375,3196.0,423685
2021-03-10,3155.199951171875,3179.89990234375,3113.449951171875,3164.0,252903
2021-03-12,3129.35009765625,3228.89990234375,3113.0,3183.0,253802
2021-03-15,3108.75,3171.10009765625,3096.0,3136.0,162458
2021-03-16,3071.0,3166.0,3050.0,3117.0,298799
2021-03-17,3014.85009765625,3095.0,2991.10009765625,3071.0,304935
2021-03-18,3034.60009765625,3074.89990234375,2980.0,3045.0,354857
2021-03-19,2960.300048828125,3021.5,2925.0,3021.5,570995
2021-03-22,2880.10009765625,2988.0,2862.0,2980.0,652753
2021-03-23,2933.64990234375,3000.800048828125,2905.0,2908.0,650768
2021-03-24,2855.60009765625,2947.699951171875,2840.0,2933.64990234375,455895
2021-03-25,2796.0,2893.0,2775.0,2875.0,621113
2021-03-26,2855.199951171875,2898.800048828125,2805.0,2829.0,482759
2021-03-30,2837.550048828125,2918.0,2807.0,2867.0,696632
2021-03-31,2859.050048828125,2890.0,2830.0,2869.0,433044
2021-04-01,2912.699951171875,2925.0,2855.5,2885.0,416624
2021-04-05,2846.949951171875,2890.0,2793.0,2890.0,460926
2021-04-06,2843.64990234375,2878.10009765625,2826.10009765625,2873.0,342977
2021-04-07,2890.64990234375,2900.0,2835.0,2855.0,334645
2021-04-08,2936.5,2945.0,2890.64990234375,2899.64990234375,478173
2021-04-09,2947.75,2973.35009765625,2917.25,2937.10009765625,808884
2021-04-12,2814.89990234375,2889.0,2790.10009765625,2861.10009765625,475661
2021-04-13,2832.699951171875,2885.0,2812.0,2832.949951171875,267793
2021-04-15,2928.89990234375,2952.949951171875,2828.10009765625,2844.0,377544
2021-04-16,2919.89990234375,2980.0,2902.0,2947.0,334483
2021-04-19,2850.75,2869.5,2820.25,2860.449951171875,267692
2021-04-20,2778.25,2889.800048828125,2756.0,2880.0,451846
2021-04-22,2717.60009765625,2792.85009765625,2699.0,2785.0,913846
2021-04-23,2713.699951171875,2743.89990234375,2676.39990234375,2709.0,436472
2021-04-26,2808.25,2819.39990234375,2719.14990234375,2729.89990234375,476865
2021-04-27,2826.949951171875,2865.0,2810.0,2815.0,394477
2021-04-28,2936.800048828125,2953.699951171875,2850.949951171875,2865.0,542978
2021-04-29,2906.35009765625,2988.0,2880.0,2960.0,296752
2021-04-30,2852.89990234375,2931.89990234375,2818.89990234375,2889.800048828125,322948
2021-05-03,2898.64990234375,2911.0,2822.89990234375,2845.0,232238
2021-05-04,2858.39990234375,2934.75,2845.0,2908.0,239282
2021-05-05,2874.39990234375,2889.60009765625,2855.0,2878.699951171875,136956
2021-05-06,2878.14990234375,2895.0,2850.5,2874.949951171875,158581
2021-05-07,2895.5,2955.0,2855.5,2880.0,365600
2021-05-10,2852.449951171875,2960.0,2840.0,2925.0,771218
2021-05-11,2850.550048828125,2884.60009765625,2825.0,2850.0,323511
2021-05-12,2856.14990234375,2869.949951171875,2827.5,2850.550048828125,246319
2021-05-14,2844.64990234375,2874.0,2830.0,2874.0,227259
2021-05-17,2898.699951171875,2907.89990234375,2840.300048828125,2864.0,449529
2021-05-18,3056.300048828125,3080.0,2910.75,2920.0,1022329
2021-05-19,3027.89990234375,3090.949951171875,3010.10009765625,3069.0,683428
2021-05-20,3026.60009765625,3055.0,3001.0,3055.0,352477
2021-05-21,3034.14990234375,3070.0,3013.0,3041.0,375397
2021-05-24,3040.449951171875,3064.699951171875,3020.0,3046.0,236828
2021-05-25,3103.85009765625,3123.0,3053.0,3055.0,455042
2021-05-26,3096.199951171875,3135.0,3070.449951171875,3125.0,284202
2021-05-27,3025.5,3104.949951171875,3008.10009765625,3100.0,433634
2021-05-28,3022.10009765625,3105.5,3000.0,3052.0,345903
2021-05-31,3069.39990234375,3085.0,3025.0,3042.5,318681
2021-06-01,3044.800048828125,3087.949951171875,3030.800048828125,3071.050048828125,180498
2021-06-02,3066.199951171875,3093.300048828125,3050.0,3050.0,236968
2021-06-03,3192.699951171875,3200.0,3075.300048828125,3080.0,820805
2021-06-04,3197.0,3257.0,3170.0,3222.0,393038
2021-06-07,3188.949951171875,3221.60009765625,3175.050048828125,3219.949951171875,196757
2021-06-08,3179.800048828125,3210.0,3165.0,3200.0,171578
2021-06-09,3194.699951171875,3254.39990234375,3160.0,3198.0,397348
2021-06-10,3194.5,3240.0,3181.050048828125,3206.85009765625,236409
2021-06-11,3175.550048828125,3224.10009765625,3161.0,3215.0,158635
2021-06-14,3274.10009765625,3294.0,3108.050048828125,3180.0,735981
2021-06-15,3359.5,3394.449951171875,3294.0,3300.0,884874
2021-06-16,3310.39990234375,3396.89990234375,3275.64990234375,3359.5,441188
2021-06-17,3285.550048828125,3306.60009765625,3260.0,3283.949951171875,290181
2021-06-18,3317.699951171875,3372.35009765625,3252.199951171875,3317.5,765935
2021-06-21,3311.0,3319.699951171875,3274.0,3319.699951171875,164977
2021-06-22,3373.800048828125,3408.449951171875,3320.0,3328.0,518266
2021-06-23,3310.89990234375,3400.0,3300.949951171875,3400.0,244160
2021-06-24,3323.800048828125,3352.0,3304.0,3345.0,157652
2021-06-25,3315.35009765625,3347.85009765625,3307.0,3325.0,107596
2021-06-28,3332.199951171875,3350.0,3277.0,3315.0,184379
2021-06-29,3270.85009765625,3349.699951171875,3251.0,3338.0,310346
2021-06-30,3344.10009765625,3358.0,3278.0,3278.0,502700
2021-07-01,3315.64990234375,3373.699951171875,3305.0,3373.699951171875,155967
2021-07-02,3314.300048828125,3342.75,3305.0,3340.0,262656
2021-07-05,3360.64990234375,3395.0,3341.300048828125,3375.0,379870
2021-07-06,3364.60009765625,3425.0,3332.0,3366.0,336459
2021-07-07,3396.39990234375,3402.0,3326.0,3366.0,276021
2021-07-08,3389.199951171875,3420.0,3368.0,3400.0,184898
2021-07-09,3377.60009765625,3398.0,3361.10009765625,3390.0,146424
2021-07-12,3349.050048828125,3378.0,3310.199951171875,3369.60009765625,639197
2021-07-13,3355.0,3370.0,3307.550048828125,3330.0,264068
2021-07-14,3330.050048828125,3350.10009765625,3319.0,3349.949951171875,253367
2021-07-15,3328.5,3363.0,3300.0,3319.0,188080
2021-07-16,3349.199951171875,3365.0,3327.0,3332.949951171875,316985
2021-07-19,3331.60009765625,3348.89990234375,3315.14990234375,3320.0,143633
2021-07-20,3397.300048828125,3419.0,3334.0,3347.0,553490
2021-07-22,3397.35009765625,3449.0,3383.0,3434.0,216224
2021-07-23,3413.199951171875,3425.0,3393.050048828125,3417.85009765625,155192
2021-07-26,3483.550048828125,3499.5,3398.300048828125,3410.0,319728
2021-07-27,3499.39990234375,3533.39990234375,3465.25,3499.0,286345
2021-07-28,3488.5,3518.199951171875,3441.10009765625,3499.0,172832
2021-07-29,3502.60009765625,3524.0,3492.25,3500.0,131747
2021-07-30,3500.800048828125,3524.0,3475.25,3524.0,270545
2021-08-02,3502.39990234375,3524.800048828125,3486.0,3524.800048828125,147600
2021-08-03,3566.25,3579.0,3504.0,3508.0,224336
2021-08-04,3593.050048828125,3609.0,3535.85009765625,3575.0,197380
2021-08-05,3564.14990234375,3624.449951171875,3551.0,3600.0,117492
2021-08-06,3529.199951171875,3593.0,3520.0,3569.0,128769
2021-08-09,3523.0,3577.64990234375,3501.0,3549.0,254763
2021-08-10,3551.64990234375,3586.550048828125,3515.0,3541.0,162584
2021-08-11,3563.949951171875,3575.0,3465.0,3551.64990234375,167988
2021-08-12,3561.0,3589.0,3546.60009765625,3573.800048828125,114737
2021-08-13,3594.550048828125,3634.449951171875,3518.0,3584.0,292706
2021-08-16,3633.5,3659.0,3566.300048828125,3594.0,180469
2021-08-17,3634.35009765625,3655.0,3604.0,3655.0,201361
2021-08-18,3650.60009765625,3668.25,3626.14990234375,3640.0,147888
2021-08-20,3643.10009765625,3707.14990234375,3618.0,3650.0,232756
2021-08-23,3673.75,3700.0,3644.0,3663.0,163347
2021-08-24,3708.550048828125,3770.0,3680.0,3700.0,343937
2021-08-25,3789.699951171875,3847.449951171875,3716.14990234375,3749.949951171875,332203
2021-08-26,3847.800048828125,3889.800048828125,3800.050048828125,3814.0,532719
2021-08-27,3833.050048828125,3898.0,3815.0,3887.0,349704
2021-08-30,3888.35009765625,3899.0,3835.300048828125,3862.0,267923
2021-08-31,3954.800048828125,3979.75,3871.14990234375,3899.0,378858
2021-09-01,3968.60009765625,4015.0,3960.050048828125,3978.0,249485
2021-09-02,3917.64990234375,3984.449951171875,3911.0,3979.0,206216
2021-09-03,3938.89990234375,3961.699951171875,3925.050048828125,3940.0,262989
2021-09-06,3921.300048828125,3960.0,3902.199951171875,3959.89990234375,227165
2021-09-07,3937.550048828125,3963.699951171875,3875.10009765625,3938.0,357260
2021-09-08,3932.949951171875,3977.0,3921.10009765625,3945.0,462531
2021-09-09,3950.5,3964.0,3908.0,3934.0,154864
2021-09-13,3961.85009765625,3986.14990234375,3948.10009765625,3951.0,145925
2021-09-14,3979.699951171875,4000.0,3964.89990234375,3970.0,203689
2021-09-15,3982.60009765625,3992.199951171875,3961.0,3979.89990234375,339798
2021-09-16,4084.5,4100.0,3981.050048828125,3982.60009765625,486429
2021-09-17,4239.64990234375,4294.64990234375,4120.0,4124.0,767511
2021-09-20,4355.89990234375,4430.0,4151.0,4208.0,438432
2021-09-21,4361.9501953125,4450.0,4305.0498046875,4415.10009765625,437837
2021-09-22,4378.64990234375,4420.0,4331.2001953125,4373.0,243996
2021-09-23,4409.89990234375,4500.0,4372.35009765625,4408.9501953125,325049
2021-09-24,4422.35009765625,4461.0,4405.0,4440.0,198742
2021-09-27,4385.75,4448.9501953125,4292.5,4435.0,555192
2021-09-28,4315.75,4421.89990234375,4294.9501953125,4397.0,305671
2021-09-29,4251.2001953125,4395.9501953125,4202.0,4316.0,377254
2021-09-30,4250.2001953125,4310.0,4205.25,4259.75,339960
2021-10-01,4235.60009765625,4284.2001953125,4220.10009765625,4250.0,203932
2021-10-04,4257.35009765625,4464.35009765625,4232.2001953125,4393.9501953125,906261
2021-10-05,4257.2998046875,4284.0,4246.85009765625,4284.0,242566
2021-10-06,4218.5498046875,4295.0,4205.0,4292.14990234375,301394
2021-10-07,4311.7001953125,4337.0,4251.0,4254.9501953125,570321
2021-10-08,4407.9501953125,4421.9501953125,4299.0498046875,4326.39990234375,314758
2021-10-11,4719.4501953125,4840.0,4407.0,4438.0,1017160
2021-10-12,4739.0,4895.0,4718.85009765625,4780.0,817027
2021-10-13,5117.14990234375,5595.0,4760.25,4777.0,2593684
2021-10-14,5323.75,5420.0,5180.0498046875,5194.0,1187904
2021-10-18,4897.7998046875,5900.0,4851.10009765625,5599.0,4748382
2021-10-19,4754.5498046875,5100.0,4725.0,5000.0,1804742
2021-10-20,4596.39990234375,4860.0,4470.25,4789.0,1677557
2021-10-21,4521.25,4699.5,4500.0,4650.0,1028678
2021-10-22,4521.4501953125,4560.0,4482.0,4559.0,739603
2021-10-25,4400.60009765625,4550.0,4351.0,4534.2998046875,591416
2021-10-26,4568.5,4599.0,4365.0,4419.0,637834
2021-10-27,4733.0,4770.0,4591.5498046875,4600.0,762605
2021-10-28,4675.64990234375,4776.85009765625,4620.0,4748.0,375073
2021-10-29,4635.4501953125,4725.0,4561.14990234375,4669.0,437818
2021-11-01,4564.75,4708.0,4550.0,4670.0,392446
2021-11-02,4597.0498046875,4666.7998046875,4580.0,4596.7001953125,304774
2021-11-03,4741.2998046875,4790.0,4600.0,4644.0,462222
2021-11-04,4783.7001953125,4824.7998046875,4760.0498046875,4780.0,136777
2021-11-08,4748.5,4867.2998046875,4720.0,4783.0,340161
2021-11-09,4757.14990234375,4774.2998046875,4723.7001953125,4748.0,180363
2021-11-10,4960.2998046875,5000.0,4726.0,4745.0,1128493
2021-11-11,4997.75,5040.0,4901.14990234375,4960.2998046875,735028
2021-11-12,5078.5498046875,5097.64990234375,5026.9501953125,5044.9501953125,487061
2021-11-15,5023.2998046875,5075.0,4980.0,5075.0,324397
2021-11-16,5081.5,5100.0,4982.0,5025.0,538836
2021-11-17,5126.39990234375,5180.0,5079.75,5080.0,447914
2021-11-18,5080.89990234375,5180.0,5037.0,5130.0,428372
2021-11-22,4828.2998046875,5100.0,4782.0,5100.0,650655
2021-11-23,4843.2998046875,4920.0,4758.14990234375,4829.0,580934
2021-11-24,4882.60009765625,4958.9501953125,4850.0498046875,4876.0,483901
2021-11-25,4894.5,4930.0,4854.64990234375,4930.0,364378
2021-11-26,4718.75,4860.0,4700.10009765625,4860.0,518551
2021-11-29,4673.35009765625,4721.0,4455.0,4687.0,609710
2021-11-30,4710.89990234375,4800.0,4661.0,4673.39990234375,790479
2021-12-01,4693.7001953125,4848.0,4666.0,4750.0,374830
2021-12-02,4782.9501953125,4794.5498046875,4718.4501953125,4750.0,351343
2021-12-03,4799.0498046875,4850.0,4775.0,4799.0,287731
2021-12-06,4593.4501953125,4821.9501953125,4580.0,4820.0,466595
2021-12-07,4660.64990234375,4719.0,4611.0,4674.7001953125,435517
2021-12-08,4814.60009765625,4842.0,4708.2001953125,4708.2001953125,763280
2021-12-09,4821.2001953125,4878.39990234375,4777.0,4822.0,316687
2021-12-10,4796.60009765625,4809.7001953125,4775.5,4798.0,173574
2021-12-13,4765.7998046875,4870.0,4750.0,4830.0,283323
2021-12-14,4814.39990234375,4840.0,4714.10009765625,4764.75,352396
2021-12-15,4749.4501953125,4814.25,4740.0,4799.89990234375,410084
2021-12-16,4742.10009765625,4815.14990234375,4726.14990234375,4801.0,243570
2021-12-17,4697.7998046875,4791.25,4672.14990234375,4771.0,454824
2021-12-20,4618.9501953125,4690.0,4552.25,4669.0,310441
2021-12-21,4587.39990234375,4677.0,4571.0498046875,4612.5,312536
2021-12-22,4655.85009765625,4695.5,4587.39990234375,4627.9501953125,338380
2021-12-23,4647.89990234375,4711.25,4631.39990234375,4711.25,204211
2021-12-24,4628.89990234375,4674.0,4615.0,4674.0,122078
2021-12-27,4668.64990234375,4680.0,4555.25,4599.0,294366
2021-12-28,4721.9501953125,4760.9501953125,4645.0,4680.0,320963
2021-12-29,4683.9501953125,4748.7001953125,4675.0,4739.0,176720
2021-12-30,4639.35009765625,4699.0,4625.0,4677.5,195753
2021-12-31,4671.4501953125,4692.75,4636.0,4641.0,172788
2022-01-03,4711.5,4799.0,4701.2001953125,4770.0,534384
2022-01-04,4726.9501953125,4758.89990234375,4685.0,4758.89990234375,242287
2022-01-05,4687.39990234375,4725.0,4646.0,4725.0,287948
2022-01-06,4705.64990234375,4716.0,4642.64990234375,4669.10009765625,361505
2022-01-07,4731.35009765625,4748.0,4696.14990234375,4715.0,301517
2022-01-10,4633.5498046875,4784.89990234375,4620.0,4784.89990234375,1037618
2022-01-11,4504.89990234375,4654.89990234375,4499.0,4649.0,791417
2022-01-12,4276.10009765625,4500.0,4165.2998046875,4500.0,2521043
2022-01-13,4254.60009765625,4354.4501953125,4221.60009765625,4276.0,1090010
2022-01-14,4322.7001953125,4344.4501953125,4256.14990234375,4266.0,896929
2022-01-17,4400.5,4414.0,4290.4501953125,4365.0,870335
2022-01-18,4441.14990234375,4500.0,4381.0,4425.0,940894
2022-01-19,4483.39990234375,4505.0,4365.0,4459.0,579886
2022-01-20,4483.5498046875,4517.0,4462.35009765625,4517.0,350124
2022-01-21,4299.7998046875,4435.4501953125,4281.0,4410.0,606584
2022-01-24,4035.300048828125,4316.89990234375,3978.0,4300.0,1126974
2022-01-25,4095.449951171875,4120.0,3881.25,4025.0,810518
2022-01-27,4063.300048828125,4144.10009765625,3994.949951171875,4040.0,675652
2022-01-28,4076.0,4150.89990234375,4046.0,4130.0,582484
2022-01-31,4114.35009765625,4171.0,4092.0,4140.0,478099
2022-02-01,4225.60009765625,4278.0,4092.0,4133.2001953125,321735
2022-02-02,4236.64990234375,4275.0,4211.0,4274.2998046875,249200
2022-02-03,4140.0,4235.0,4122.35009765625,4231.0498046875,337719
2022-02-04,4081.89990234375,4140.2001953125,4075.0,4140.0,299981
2022-02-07,4073.550048828125,4146.7998046875,4045.199951171875,4090.0,288091
2022-02-08,4015.0,4128.9501953125,3995.0,4098.89990234375,456874
2022-02-09,4002.10009765625,4078.699951171875,3983.0,4078.699951171875,380364
2022-02-10,4162.7001953125,4182.0,4001.0,4034.10009765625,699250
2022-02-11,4142.25,4157.0,4080.10009765625,4138.0,336884
2022-02-14,3979.75,4125.0,3958.050048828125,4015.0,466101
2022-02-15,4081.75,4128.89990234375,3980.0,4015.0,377212
2022-02-16,4051.14990234375,4155.0,4035.0,4139.89990234375,313236
2022-02-17,4115.39990234375,4152.0,4080.0,4095.60009765625,357259
2022-02-18,4073.10009765625,4121.0,4056.050048828125,4098.0,169496
2022-02-21,4096.60009765625,4170.0,3990.0,4048.0,480541
2022-02-22,4157.10009765625,4179.0,3990.0,4001.0,484781
2022-02-23,4193.4501953125,4217.7001953125,4135.0,4165.0,360454
2022-02-24,4014.64990234375,4131.9501953125,3947.85009765625,3993.85009765625,552288
2022-02-25,4190.75,4210.0,4037.64990234375,4080.0,425226
2022-02-28,4340.35009765625,4355.0,4062.10009765625,4155.0,647569
2022-03-02,4295.14990234375,4446.9501953125,4270.0,4299.9501953125,479507
2022-03-03,4276.5,4395.0,4253.89990234375,4370.0,303425
2022-03-04,4110.2001953125,4260.2001953125,4075.050048828125,4260.2001953125,437691
2022-03-07,3991.64990234375,4175.0,3970.800048828125,4001.0,694633
2022-03-08,4124.0,4160.0,3992.39990234375,4016.0,713004
2022-03-09,4096.7001953125,4172.89990234375,4071.10009765625,4155.0,395071
2022-03-10,4168.60009765625,4239.89990234375,4142.2998046875,4210.0,439778
2022-03-11,4198.9501953125,4210.0,4109.25,4167.0,387534
2022-03-14,4168.25,4218.0,4150.0,4190.0,305326
2022-03-15,4231.0498046875,4251.0,4171.75,4191.0,560819
2022-03-16,4169.5498046875,4243.60009765625,4153.0,4229.75,470355
2022-03-17,4192.75,4239.0,4166.10009765625,4218.0,608024
2022-03-21,4095.199951171875,4217.0,4080.60009765625,4217.0,370641
2022-03-22,4054.0,4129.0,4031.0,4129.0,396898
2022-03-23,4091.35009765625,4119.0,4064.60009765625,4085.699951171875,285639
2022-03-24,4042.85009765625,4086.25,4031.550048828125,4086.25,374573
2022-03-25,4001.300048828125,4069.0,3995.0,4069.0,440558
2022-03-28,4010.050048828125,4021.0,3975.050048828125,4005.14990234375,428027
2022-03-29,4006.10009765625,4037.800048828125,3985.0,4010.050048828125,397614
2022-03-30,3973.39990234375,4084.0,3945.0,4025.0,580732
2022-03-31,4003.35009765625,4040.0,3983.050048828125,4028.0,492437
2022-04-01,4082.199951171875,4093.0,4000.0,4013.0,416596
2022-04-04,4106.64990234375,4150.0,4076.14990234375,4120.0,438581
2022-04-05,4109.7001953125,4148.0,4100.0,4138.75,277248
2022-04-06,4101.89990234375,4139.7998046875,4085.60009765625,4090.0,218183
2022-04-07,4159.7001953125,4244.0,4092.0,4099.89990234375,979784
2022-04-08,4146.25,4208.0,4118.0,4165.0,358035
2022-04-11,4171.60009765625,4200.0,4130.0498046875,4136.7998046875,202944
2022-04-12,4088.699951171875,4174.9501953125,4075.0,4174.9501953125,228548
2022-04-13,4090.89990234375,4117.9501953125,4081.699951171875,4101.0,157516
2022-04-18,4056.0,4079.0,4009.0,4065.0,193904
2022-04-19,4008.89990234375,4131.89990234375,3975.0,4089.89990234375,222195
2022-04-20,4054.800048828125,4065.0,4000.0,4026.0,222817
2022-04-21,4030.25,4080.0,4015.0,4075.0,209196
2022-04-22,4028.85009765625,4060.050048828125,3995.75,4028.64990234375,210640
2022-04-25,3989.199951171875,4022.35009765625,3975.050048828125,4000.0,204726
2022-04-26,4044.25,4050.0,3994.39990234375,4009.800048828125,198101
2022-04-27,3977.699951171875,4024.35009765625,3960.0,4006.10009765625,169916
2022-04-28,4024.550048828125,4054.0,3995.550048828125,4023.89990234375,247751
2022-04-29,3944.25,4085.0,3906.0,4048.89990234375,238651
2022-05-02,3983.35009765625,3997.800048828125,3889.0,3939.60009765625,265831
2022-05-04,3867.14990234375,4023.949951171875,3850.199951171875,4000.0,270400
2022-05-05,3943.800048828125,3980.0,3775.0,3920.0,457770
2022-05-06,3666.199951171875,3889.64990234375,3602.14990234375,3866.0,858787
2022-05-09,3520.300048828125,3655.0,3486.0,3655.0,732787
2022-05-10,3414.949951171875,3545.25,3402.14990234375,3501.0,696666
2022-05-11,3339.699951171875,3448.0,3311.699951171875,3448.0,689554
2022-05-12,3270.449951171875,3334.949951171875,3241.25,3310.0,725552
2022-05-13,3230.60009765625,3357.75,3205.0,3351.0,546754
2022-05-16,3561.10009765625,3620.0,3186.0,3260.0,1871384
2022-05-17,3657.0,3724.0,3473.449951171875,3620.0,926148
2022-05-18,3664.050048828125,3781.0,3650.0,3700.0,712472
2022-05-19,3614.85009765625,3649.0,3491.5,3513.0,439658
2022-05-20,3630.39990234375,3717.199951171875,3610.0,3708.89990234375,334172
2022-05-23,3574.10009765625,3694.5,3552.050048828125,3650.0,258246
2022-05-24,3656.75,3685.0,3571.199951171875,3579.949951171875,391193
2022-05-25,3586.449951171875,3694.0,3555.64990234375,3670.0,224375
2022-05-26,3577.449951171875,3635.699951171875,3465.300048828125,3586.449951171875,279250
2022-05-27,3613.85009765625,3649.0,3586.0,3605.0,199688
2022-05-30,3796.39990234375,3824.89990234375,3645.0,3660.0,429986
2022-05-31,3972.800048828125,4049.0,3767.89990234375,3807.75,1335568
2022-06-01,3874.050048828125,4039.0,3812.550048828125,3960.0,620365
2022-06-02,3856.89990234375,3927.550048828125,3831.10009765625,3885.0,302036
2022-06-03,3820.10009765625,3888.39990234375,3768.0,3888.0,349881
2022-06-06,3734.75,3800.0,3675.0,3800.0,295307
2022-06-07,3726.699951171875,3778.800048828125,3652.050048828125,3704.0,301552
2022-06-08,3739.39990234375,3771.0,3700.0,3765.0,250665
2022-06-09,3830.35009765625,3850.0,3686.39990234375,3729.89990234375,445083
2022-06-10,3755.64990234375,3838.0,3735.10009765625,3790.0,235985
2022-06-13,3661.60009765625,3743.60009765625,3644.39990234375,3700.0,252912
2022-06-14,3648.300048828125,3712.699951171875,3552.25,3628.0,424143
2022-06-15,3662.89990234375,3743.949951171875,3645.35009765625,3669.89990234375,274604
2022-06-16,3682.60009765625,3737.89990234375,3562.0,3736.0,408563
2022-06-17,3460.550048828125,3673.85009765625,3413.699951171875,3670.0,1104855
2022-06-20,3479.10009765625,3536.699951171875,3460.550048828125,3493.449951171875,222230
2022-06-21,3519.550048828125,3545.0,3450.0,3520.0,340688
2022-06-22,3486.35009765625,3524.449951171875,3466.050048828125,3524.449951171875,197297
2022-06-23,3440.449951171875,3502.64990234375,3401.0,3487.75,355857
2022-06-24,3412.0,3489.949951171875,3390.10009765625,3489.949951171875,454591
2022-06-27,3408.60009765625,3460.0,3400.0,3460.0,276838
2022-06-28,3479.949951171875,3497.0,3374.0,3407.550048828125,440886
2022-06-29,3445.25,3527.0,3425.0,3450.449951171875,405633
2022-06-30,3406.10009765625,3469.0,3370.0,3445.199951171875,384404
2022-07-01,3388.75,3406.64990234375,3331.10009765625,3394.449951171875,311228
2022-07-04,3495.5,3555.0,3460.0,3530.0,766616
2022-07-05,3639.050048828125,3657.64990234375,3506.0,3506.0,859254
2022-07-06,3792.0,3830.0,3650.0,3650.0,751853
2022-07-07,3850.949951171875,3935.60009765625,3830.0,3870.0,463192
2022-07-08,3941.699951171875,3974.0,3851.10009765625,3868.39990234375,568785
2022-07-11,3986.85009765625,4087.85009765625,3892.0,4000.0,2331905
2022-07-12,3878.39990234375,3986.85009765625,3855.0,3986.5,569128
2022-07-13,3883.35009765625,3944.0,3870.0,3900.0,423704
2022-07-14,3924.85009765625,3944.0,3884.0,3913.89990234375,372526
2022-07-15,3926.800048828125,3939.89990234375,3888.0,3925.0,194371
2022-07-18,3945.75,3968.0,3920.0,3951.0,287481
2022-07-19,3931.300048828125,3942.0,3911.0,3911.0,169004
2022-07-20,3915.449951171875,3965.0,3902.0,3960.0,251615
2022-07-21,4035.35009765625,4059.0,3920.050048828125,3930.0,587934
2022-07-22,3963.39990234375,4077.89990234375,3950.0,4070.0,457904
2022-07-25,4040.050048828125,4050.0,3935.0,3973.0,444451
2022-07-26,3932.39990234375,4038.0,3909.0,4038.0,430993
2022-07-27,4000.949951171875,4010.0,3920.0,3940.0,245970
2022-07-28,4147.7998046875,4164.0,4001.0,4020.0,725281
2022-07-29,4243.85009765625,4250.0,4183.4501953125,4215.0,514745
2022-08-01,4307.64990234375,4317.0,4246.5,4251.9501953125,399725
2022-08-02,4259.10009765625,4306.0,4235.0498046875,4306.0,311279
2022-08-03,4253.14990234375,4298.0,4180.10009765625,4251.0,289000
2022-08-04,4239.10009765625,4314.89990234375,4175.0,4268.0,593274
2022-08-05,4232.25,4295.0,4187.14990234375,4238.0,528876
2022-08-08,4250.0498046875,4267.39990234375,4233.0,4237.39990234375,200014
2022-08-10,4250.7001953125,4278.9501953125,4219.85009765625,4250.0498046875,238239
2022-08-11,4274.85009765625,4295.0,4260.0,4280.0,246094
2022-08-12,4336.7001953125,4387.0,4255.0,4274.85009765625,448303
2022-08-16,4402.10009765625,4412.0,4350.5498046875,4355.0,290414
2022-08-17,4398.64990234375,4438.0,4370.0,4422.0,316826
2022-08-18,4460.9501953125,4493.10009765625,4401.0498046875,4425.0,468551
2022-08-19,4382.0,4523.5,4352.75,4487.0,437762
2022-08-22,4250.75,4371.0,4231.0,4371.0,330916
2022-08-23,4256.9501953125,4301.0,4170.5498046875,4195.0,285843
2022-08-24,4304.25,4356.0,4266.0,4269.0,270843
2022-08-25,4341.25,4394.0,4312.0498046875,4339.89990234375,246543
2022-08-26,4409.64990234375,4414.5,4370.0498046875,4384.0,202948
2022-08-29,4431.5498046875,4450.0,4270.0,4270.0,352554
2022-08-30,4531.35009765625,4550.0,4460.2998046875,4475.0,426171
2022-09-01,4565.85009765625,4599.39990234375,4462.0,4494.0,431835
2022-09-02,4576.7998046875,4609.0,4511.0,4572.89990234375,268702
2022-09-05,4577.4501953125,4606.14990234375,4550.0,4584.7998046875,216543
2022-09-06,4557.10009765625,4603.9501953125,4531.0,4599.0,258981
2022-09-07,4426.2998046875,4548.0,4402.2998046875,4532.0,322460
2022-09-08,4406.0498046875,4499.0,4390.0,4499.0,214781
2022-09-09,4386.10009765625,4448.5498046875,4370.0,4448.5498046875,210596
2022-09-12,4443.9501953125,4475.0,4400.0,4440.0,252381
2022-09-13,4493.25,4510.0,4447.7998046875,4470.0,293076
2022-09-14,4478.25,4518.0,4426.14990234375,4450.0,268511
2022-09-15,4525.85009765625,4539.0,4475.0,4499.0,221683
2022-09-16,4327.5498046875,4550.0,4285.39990234375,4528.89990234375,584163
2022-09-19,4348.0,4417.2001953125,4271.25,4340.0,235756
2022-09-20,4349.2998046875,4412.0,4330.0,4401.10009765625,203661
2022-09-21,4308.7001953125,4394.9501953125,4292.0498046875,4349.0,223827
2022-09-22,4431.7001953125,4440.60009765625,4257.0,4288.75,465230
2022-09-23,4367.0,4469.89990234375,4351.0,4450.0,241647
2022-09-26,4375.2998046875,4448.0,4261.0,4323.0,403076
2022-09-27,4283.2001953125,4417.5,4270.0,4375.2998046875,237462
2022-09-28,4318.14990234375,4367.9501953125,4240.0,4249.0,352261
2022-09-29,4240.5498046875,4416.9501953125,4220.10009765625,4365.0,518364
2022-09-30,4386.5498046875,4400.0,4251.2001953125,4270.0,352698
2022-10-03,4443.75,4465.85009765625,4389.7998046875,4399.0,296102
2022-10-04,4479.5498046875,4600.0,4460.5498046875,4600.0,605857
2022-10-06,4413.85009765625,4540.0,4400.0,4540.0,326251
2022-10-07,4471.4501953125,4482.0,4411.25,4435.9501953125,213203
2022-10-10,4471.75,4495.0,4406.0498046875,4440.10009765625,183914
2022-10-11,4381.10009765625,4486.0,4358.5,4485.0,268072
2022-10-12,4352.89990234375,4429.0,4330.0,4398.75,207335
2022-10-13,4309.9501953125,4366.0,4300.10009765625,4366.0,171144
2022-10-14,4306.14990234375,4399.0,4291.14990234375,4398.5,188039
2022-10-17,4153.4501953125,4307.9501953125,4140.0498046875,4283.9501953125,950223
2022-10-18,4139.35009765625,4189.0,4110.0,4188.0,346218
2022-10-19,4167.85009765625,4194.10009765625,4139.35009765625,4168.0,266990
2022-10-20,4226.25,4233.0,4140.4501953125,4155.0,292757
2022-10-21,4215.5498046875,4249.75,4190.5,4244.0,184554
2022-10-24,4229.9501953125,4273.0,4210.0,4271.89990234375,71402
2022-10-25,4235.60009765625,4249.5,4165.0,4221.0,160107
2022-10-27,4271.39990234375,4300.0,4217.2998046875,4248.0,301435
2022-10-28,4307.35009765625,4320.0,4251.5498046875,4281.39990234375,120314
2022-10-31,4320.89990234375,4348.0,4290.0,4316.5,186409
2022-11-01,4247.5,4347.10009765625,4232.5498046875,4329.0,249229
2022-11-02,4193.64990234375,4268.0,4177.0,4264.7998046875,254614
2022-11-03,4194.2001953125,4230.0,4165.0,4180.0,153178
2022-11-04,4167.35009765625,4207.9501953125,4150.0,4200.0,532072
2022-11-07,4173.5,4214.10009765625,4140.5,4188.7998046875,395435
2022-11-09,4158.7001953125,4199.0,4118.0,4199.0,361585
2022-11-10,4138.85009765625,4175.0,4104.39990234375,4158.7001953125,254477
2022-11-11,4128.35009765625,4169.0,4117.0498046875,4159.5498046875,214392
2022-11-14,4098.35009765625,4144.7998046875,4081.800048828125,4144.7998046875,300509
2022-11-15,4053.800048828125,4109.7998046875,4046.0,4082.0,496893
2022-11-16,4011.699951171875,4059.949951171875,4003.14990234375,4053.800048828125,290474
2022-11-17,3949.199951171875,4009.949951171875,3940.0,4000.0,365371
2022-11-18,3910.60009765625,4020.0,3890.050048828125,3968.89990234375,402297
2022-11-21,3882.300048828125,3936.0,3871.050048828125,3923.0,204061
2022-11-22,3955.199951171875,4026.0,3883.0,3884.949951171875,504844
2022-11-23,3954.75,3998.60009765625,3934.25,3975.0,182631
2022-11-24,3968.050048828125,3994.75,3951.10009765625,3974.35009765625,155797
2022-11-25,3904.449951171875,3977.050048828125,3901.0,3969.0,291850
2022-11-28,3907.699951171875,3934.0,3890.0,3913.39990234375,228975
2022-11-29,3965.10009765625,3977.550048828125,3898.0,3907.0,344369
2022-11-30,4025.5,4040.0,3955.0,3975.0,604666
2022-12-01,4044.14990234375,4064.0,4032.10009765625,4041.0,255279
2022-12-02,4005.75,4055.0,3992.550048828125,4049.0,222148
2022-12-05,4028.14990234375,4049.949951171875,3975.0,4010.0,217716
2022-12-06,4063.39990234375,4094.0,3995.0,4018.0,224614
2022-12-07,4083.14990234375,4100.0,4045.14990234375,4080.0,257217
2022-12-08,4037.199951171875,4090.0,4015.39990234375,4090.0,177556
2022-12-09,4002.39990234375,4057.75,3983.39990234375,4054.89990234375,265654
2022-12-12,4057.35009765625,4074.0,3948.0,3980.0,242444
2022-12-13,4108.9501953125,4120.0,4060.0,4060.0,275766
2022-12-14,4201.10009765625,4209.85009765625,4089.10009765625,4089.10009765625,545140
2022-12-15,4182.0,4228.9501953125,4151.0,4209.0,312108
2022-12-16,3990.0,4150.5,3956.0,4140.64990234375,380722
2022-12-19,4090.199951171875,4099.89990234375,4000.0,4020.0,300724
2022-12-20,4089.550048828125,4138.60009765625,4052.14990234375,4088.0,217791
2022-12-21,3993.199951171875,4109.9501953125,3975.14990234375,4094.0,252192
2022-12-22,3921.550048828125,4029.0,3905.5,4008.0,283003
2022-12-23,3875.60009765625,3911.75,3835.0,3896.550048828125,255257
2022-12-26,4036.60009765625,4049.0,3871.0,3896.0,205540
2022-12-27,4074.60009765625,4094.0,4005.0,4060.0,168072
2022-12-28,4017.75,4077.949951171875,4007.39990234375,4077.949951171875,130503
2022-12-29,4178.2998046875,4207.9501953125,3971.800048828125,4003.14990234375,475188
2022-12-30,4068.75,4195.0,4025.14990234375,4178.0,387431
2023-01-02,4072.75,4117.9501953125,4055.0,4075.0,119118
2023-01-03,4060.89990234375,4099.0,4044.0,4072.75,114013
2023-01-04,3924.199951171875,4049.949951171875,3916.0,4049.949951171875,740436
2023-01-05,3857.800048828125,3964.0,3845.5,3955.0,483903
2023-01-06,3842.5,3930.0,3835.0,3870.0,345746
2023-01-09,3879.550048828125,3915.0,3855.550048828125,3905.800048828125,280205
2023-01-10,3877.39990234375,3919.449951171875,3861.0,3898.0,357855
2023-01-11,3872.89990234375,3910.0,3860.0,3896.0,156403
2023-01-12,3911.800048828125,3925.5,3863.0,3892.0,212520
2023-01-13,3863.699951171875,3929.64990234375,3850.10009765625,3925.0,283280
2023-01-16,3678.35009765625,3748.0,3645.199951171875,3690.0,1809273
2023-01-17,3689.800048828125,3733.85009765625,3675.0,3681.050048828125,463947
2023-01-18,3648.60009765625,3720.0,3641.5,3708.25,407988
2023-01-19,3565.10009765625,3647.800048828125,3560.0,3647.0,583389
2023-01-20,3513.75,3580.0,3510.0,3571.949951171875,522635
2023-01-23,3434.0,3529.75,3425.0,3525.0,892606
2023-01-24,3513.5,3578.0,3441.0,3450.0,768031
2023-01-25,3515.10009765625,3554.5,3507.300048828125,3531.10009765625,474769
2023-01-27,3562.35009765625,3584.0,3518.5,3532.699951171875,308090
2023-01-30,3546.300048828125,3575.0,3486.050048828125,3574.89990234375,272767
2023-01-31,3502.300048828125,3582.14990234375,3492.64990234375,3555.050048828125,537429
2023-02-01,3551.35009765625,3580.0,3469.699951171875,3558.0,361698
2023-02-02,3502.89990234375,3577.800048828125,3485.0,3547.0,222692
2023-02-03,3470.35009765625,3522.89990234375,3465.0,3517.64990234375,322648
2023-02-06,3441.5,3488.39990234375,3432.0,3476.5,314363
2023-02-07,3440.89990234375,3475.0,3438.949951171875,3471.5,369288
2023-02-08,3458.60009765625,3510.0,3446.050048828125,3449.0,217382
2023-02-09,3482.050048828125,3544.14990234375,3465.14990234375,3469.64990234375,372567
2023-02-10,3498.85009765625,3544.25,3490.60009765625,3499.5,393156
2023-02-13,3495.199951171875,3510.0,3483.0,3502.0,252484
2023-02-14,3482.699951171875,3512.0,3472.0,3509.0,496970
2023-02-15,3545.60009765625,3568.64990234375,3464.300048828125,3480.0,211636
2023-02-16,3541.699951171875,3567.949951171875,3535.0,3546.0,315147
2023-02-17,3545.0,3567.699951171875,3515.0,3530.0,202556
2023-02-20,3552.85009765625,3574.75,3540.050048828125,3545.949951171875,191038
2023-02-21,3525.60009765625,3570.0,3516.25,3570.0,302260
2023-02-22,3500.14990234375,3521.85009765625,3486.60009765625,3502.0,117550
2023-02-23,3478.75,3515.0,3437.0,3503.89990234375,237976
2023-02-24,3499.199951171875,3514.39990234375,3468.0,3496.14990234375,113844
2023-02-27,3491.300048828125,3499.89990234375,3441.0,3485.050048828125,132235
2023-02-28,3416.949951171875,3508.0,3373.0,3490.199951171875,328221
2023-03-01,3439.35009765625,3474.0,3431.050048828125,3441.39990234375,145318
2023-03-02,3443.199951171875,3450.0,3425.5,3447.0,191133
2023-03-03,3463.25,3474.0,3420.39990234375,3460.449951171875,264633
2023-03-06,3437.14990234375,3482.89990234375,3423.199951171875,3480.60009765625,189782
2023-03-08,3389.699951171875,3453.0,3380.5,3439.75,355089
2023-03-09,3397.85009765625,3413.300048828125,3385.0,3393.0,389606
2023-03-10,3391.85009765625,3415.699951171875,3380.050048828125,3390.0,265311
2023-03-13,3351.75,3415.0,3348.10009765625,3391.85009765625,195345
2023-03-14,3350.949951171875,3367.699951171875,3303.300048828125,3350.0,268245
2023-03-15,3337.25,3363.14990234375,3330.0,3350.0,231760
2023-03-16,3382.14990234375,3455.14990234375,3292.0,3337.25,353906
2023-03-17,3311.300048828125,3399.0,3300.0,3398.0,562867
2023-03-20,3366.10009765625,3377.550048828125,3295.0,3295.0,240057
2023-03-21,3357.60009765625,3374.050048828125,3326.14990234375,3371.89990234375,223590
2023-03-22,3361.39990234375,3415.0,3355.0,3365.0,226672
2023-03-23,3373.5,3393.800048828125,3342.10009765625,3361.35009765625,191330
2023-03-24,3358.39990234375,3386.050048828125,3350.050048828125,3372.0,178783
2023-03-27,3306.800048828125,3369.0,3300.300048828125,3367.0,211474
2023-03-28,3316.449951171875,3355.0,3300.0,3308.0,155615
2023-03-29,3325.449951171875,3385.0,3315.0,3320.0,276925
2023-03-31,3401.050048828125,3415.0,3325.0,3325.0,286361
2023-04-03,3553.75,3580.0,3413.050048828125,3413.050048828125,429164
2023-04-05,3654.85009765625,3666.699951171875,3565.050048828125,3571.949951171875,481018
2023-04-06,3496.10009765625,3644.85009765625,3480.10009765625,3644.85009765625,886236
2023-04-10,3450.699951171875,3533.949951171875,3437.800048828125,3504.0,242779
2023-04-11,3454.199951171875,3499.0,3446.0,3465.0,193991
2023-04-12,3473.10009765625,3498.0,3458.0,3467.0,214203
2023-04-13,3501.050048828125,3518.949951171875,3470.050048828125,3480.0,159631
2023-04-17,3497.10009765625,3530.0,3446.0,3500.0,239351
2023-04-18,3506.800048828125,3565.0,3461.0,3501.949951171875,304634
2023-04-19,3476.199951171875,3528.0,3470.0,3506.75,157606
2023-04-20,3482.199951171875,3492.0,3455.0,3489.199951171875,137578
2023-04-21,3455.89990234375,3482.199951171875,3440.0,3482.10009765625,191220
2023-04-24,3467.199951171875,3474.0,3445.0,3469.800048828125,95563
2023-04-25,3465.85009765625,3479.0,3443.050048828125,3469.050048828125,179508
2023-04-26,3461.60009765625,3476.14990234375,3447.0,3465.85009765625,300045
2023-04-27,3500.800048828125,3509.949951171875,3449.199951171875,3460.10009765625,235408
2023-04-28,3511.949951171875,3522.0,3480.0,3500.800048828125,224156
2023-05-02,3545.89990234375,3552.75,3504.64990234375,3515.0,237127
2023-05-03,3554.0,3584.800048828125,3516.050048828125,3540.0,195083
2023-05-04,3584.5,3589.0,3533.0,3550.0,148562
2023-05-05,3598.199951171875,3605.0,3556.35009765625,3560.050048828125,183726
2023-05-08,3677.85009765625,3690.0,3610.0,3615.10009765625,313499
2023-05-09,3659.699951171875,3750.0,3640.199951171875,3721.0,385755
2023-05-10,3672.300048828125,3693.64990234375,3622.64990234375,3660.0,181718
2023-05-11,3704.64990234375,3730.10009765625,3665.0,3673.300048828125,178603
2023-05-12,3677.550048828125,3717.0,3641.0,3715.0,253518
2023-05-15,3523.39990234375,3589.0,3506.60009765625,3550.0,943990
2023-05-16,3479.25,3557.050048828125,3475.0,3535.39990234375,536281
2023-05-17,3400.199951171875,3498.5,3394.0,3491.699951171875,560388
2023-05-18,3368.550048828125,3451.10009765625,3352.0,3420.050048828125,289248
2023-05-19,3395.25,3434.0,3375.60009765625,3390.0,265437
2023-05-22,3425.10009765625,3438.75,3382.14990234375,3400.0,221481
2023-05-23,3432.949951171875,3445.0,3420.60009765625,3425.5,168585
2023-05-24,3429.550048828125,3439.89990234375,3406.199951171875,3432.0,148601
2023-05-25,3435.35009765625,3450.75,3429.0,3430.0,153240
2023-05-26,3501.75,3512.0,3442.10009765625,3448.89990234375,277113
2023-05-29,3503.300048828125,3545.0,3482.25,3540.0,228840
2023-05-30,3507.5,3530.0,3496.85009765625,3517.949951171875,294224
2023-05-31,3471.25,3522.35009765625,3437.35009765625,3519.89990234375,917960
2023-06-01,3500.89990234375,3527.0,3473.0,3480.0,189632
2023-06-02,3531.60009765625,3555.0,3506.10009765625,3510.0,396067
2023-06-05,3536.85009765625,3555.0,3521.699951171875,3550.0,182062
2023-06-06,3527.75,3565.0,3495.050048828125,3536.0,179039
2023-06-07,3544.050048828125,3550.0,3516.050048828125,3536.0,228651
2023-06-08,3546.800048828125,3572.699951171875,3535.0,3554.800048828125,185099
2023-06-09,3632.10009765625,3648.0,3568.550048828125,3586.0,661360
2023-06-12,3629.39990234375,3646.949951171875,3584.050048828125,3646.949951171875,247071
2023-06-13,3677.89990234375,3703.449951171875,3630.0,3644.0,353631
2023-06-14,3704.85009765625,3740.0,3662.0,3693.75,376196
2023-06-15,3917.699951171875,3960.0,3723.25,3745.0,1159134
2023-06-16,4085.60009765625,4144.0,3951.5,3952.0,2113207
2023-06-19,3975.699951171875,4150.0,3956.25,4086.0,703098
2023-06-20,3986.89990234375,4045.0,3910.0,3985.0,531748
2023-06-21,3919.5,4028.85009765625,3898.050048828125,3987.0,310779
2023-06-22,3812.14990234375,3940.0,3800.0,3935.0,311631
2023-06-23,3744.050048828125,3845.0,3731.89990234375,3823.949951171875,278868
2023-06-26,3848.25,3879.0,3744.050048828125,3744.050048828125,344384
2023-06-27,3872.10009765625,3919.949951171875,3841.0,3849.0,499702
2023-06-28,3963.60009765625,3988.0,3852.050048828125,3865.0,478728
2023-06-30,3889.199951171875,3966.0,3880.0,3965.0,401857
2023-07-03,3868.60009765625,3948.0,3843.0,3889.199951171875,371884
2023-07-04,3857.199951171875,3929.949951171875,3844.25,3929.949951171875,554478
2023-07-05,3820.10009765625,3897.0,3801.199951171875,3880.0,311494
2023-07-06,3815.89990234375,3850.0,3810.0,3844.0,247801
2023-07-07,3808.949951171875,3844.0,3800.0,3818.0,206827
2023-07-10,3767.699951171875,3834.25,3757.0,3810.0,180959
2023-07-11,3827.10009765625,3838.0,3772.050048828125,3786.949951171875,175289
2023-07-12,3806.35009765625,3850.0,3790.0,3847.10009765625,362068
2023-07-13,3821.64990234375,3828.0,3795.0,3823.0,250708
2023-07-14,3838.75,3881.85009765625,3782.0,3840.800048828125,369703
2023-07-17,3713.550048828125,3823.35009765625,3700.0,3796.85009765625,1045261
2023-07-18,3676.5,3711.949951171875,3672.0,3700.0,499878
2023-07-19,3705.85009765625,3720.0,3678.550048828125,3689.949951171875,277417
2023-07-20,3678.800048828125,3713.35009765625,3668.050048828125,3705.85009765625,503722
2023-07-21,3675.699951171875,3692.0,3643.60009765625,3653.0,369923
2023-07-24,3668.199951171875,3680.0,3642.050048828125,3676.0,197861
2023-07-25,3677.050048828125,3701.75,3660.050048828125,3668.050048828125,237637
2023-07-26,3712.64990234375,3718.39990234375,3672.050048828125,3691.550048828125,182427
2023-07-27,3693.35009765625,3732.14990234375,3661.050048828125,3717.800048828125,286460
2023-07-28,3713.89990234375,3729.0,3674.050048828125,3704.0,219187
2023-07-31,3752.800048828125,3764.0,3703.0,3713.050048828125,276799
2023-08-01,3740.300048828125,3768.14990234375,3716.199951171875,3758.949951171875,212462
2023-08-02,3713.39990234375,3779.89990234375,3690.050048828125,3750.0,206748
2023-08-03,3699.89990234375,3725.0,3675.0,3713.39990234375,168745
2023-08-04,3652.10009765625,3700.0,3640.0,3699.89990234375,482851
2023-08-07,3640.35009765625,3671.25,3630.050048828125,3661.89990234375,340841
2023-08-08,3648.449951171875,3686.699951171875,3635.0,3660.0,269119
2023-08-09,3628.75,3659.949951171875,3615.35009765625,3648.449951171875,257378
2023-08-10,3598.199951171875,3644.949951171875,3587.0,3633.949951171875,381556
2023-08-11,3550.050048828125,3607.85009765625,3545.0,3600.0,740365
2023-08-14,3509.300048828125,3567.949951171875,3500.0,3567.949951171875,244504
2023-08-16,3499.35009765625,3527.949951171875,3491.25,3527.949951171875,321024
2023-08-17,3507.64990234375,3552.0,3500.0,3509.25,805813
2023-08-18,3540.949951171875,3594.14990234375,3501.0,3510.0,570307
2023-08-21,3547.699951171875,3565.0,3522.0,3540.0,319920
2023-08-22,3568.89990234375,3582.949951171875,3530.550048828125,3550.0,258022
2023-08-23,3539.300048828125,3582.0,3531.5,3582.0,341109
2023-08-24,3561.5,3569.949951171875,3545.0,3550.0,352847
2023-08-25,3534.60009765625,3573.64990234375,3530.050048828125,3554.0,254513
2023-08-28,3592.89990234375,3635.949951171875,3533.0,3533.0,619104
2023-08-29,3664.35009765625,3675.0,3615.0,3632.0,615528
2023-08-30,3736.300048828125,3742.75,3684.550048828125,3693.949951171875,440057
2023-08-31,3720.39990234375,3750.0,3680.10009765625,3736.300048828125,672799
2023-09-01,3761.050048828125,3765.0,3716.0,3730.0,361003
2023-09-04,3755.75,3781.949951171875,3739.10009765625,3771.949951171875,145378
2023-09-05,3776.89990234375,3794.949951171875,3727.699951171875,3759.949951171875,232853
2023-09-06,3796.800048828125,3810.199951171875,3760.5,3777.0,224923
2023-09-07,3785.10009765625,3856.800048828125,3770.0,3815.0,443562
2023-09-08,3782.39990234375,3825.0,3776.0,3820.0,155200
2023-09-11,3810.75,3815.0,3772.39990234375,3791.699951171875,170276
2023-09-12,3753.25,3847.0,3740.050048828125,3836.0,289753
2023-09-13,3813.699951171875,3823.949951171875,3731.199951171875,3760.949951171875,282452
2023-09-14,3808.050048828125,3850.0,3775.0,3845.0,281679
2023-09-15,3796.0,3820.0,3770.0,3819.85009765625,252016
2023-09-18,3797.89990234375,3810.0,3771.25,3795.800048828125,114208
2023-09-20,3729.39990234375,3789.949951171875,3715.5,3789.949951171875,182671
2023-09-21,3686.949951171875,3775.0,3679.0,3747.0,191005
2023-09-22,3689.10009765625,3717.550048828125,3653.949951171875,3687.0,148096
2023-09-25,3664.10009765625,3702.949951171875,3656.199951171875,3700.0,112473
2023-09-26,3633.60009765625,3680.949951171875,3625.0,3664.10009765625,170690
2023-09-27,3640.699951171875,3669.0,3625.0,3650.0,427214
2023-09-28,3671.050048828125,3692.0,3651.0,3692.0,451168
2023-09-29,3675.60009765625,3698.0,3651.300048828125,3671.050048828125,321455
2023-10-03,3725.699951171875,3740.25,3616.0,3675.39990234375,235045
2023-10-04,3872.949951171875,3909.949951171875,3760.0,3760.0,1737108
2023-10-05,3861.5,3938.39990234375,3842.050048828125,3880.0,607632
2023-10-06,3833.949951171875,3890.800048828125,3786.75,3860.0,345055
2023-10-09,3798.60009765625,3818.0,3771.0,3809.60009765625,278929
2023-10-10,3793.800048828125,3829.85009765625,3775.550048828125,3809.949951171875,284836
2023-10-11,3852.050048828125,3889.0,3804.300048828125,3812.5,304828
2023-10-12,3862.75,3890.0,3820.300048828125,3874.800048828125,226262
2023-10-13,3935.85009765625,3941.0,3836.050048828125,3853.949951171875,554574
2023-10-16,3856.800048828125,3873.89990234375,3772.75,3825.050048828125,1102582
2023-10-17,3842.85009765625,3885.0,3834.300048828125,3879.14990234375,394330
2023-10-18,3795.949951171875,3853.10009765625,3776.25,3842.85009765625,356321
2023-10-19,3766.85009765625,3790.0,3746.85009765625,3790.0,168075
2023-10-20,3749.5,3780.949951171875,3742.10009765625,3760.050048828125,200038
2023-10-23,3668.949951171875,3768.0,3641.35009765625,3750.050048828125,297128
2023-10-25,3740.550048828125,3755.0,3620.10009765625,3685.0,333022
2023-10-26,3684.64990234375,3731.949951171875,3662.0,3728.050048828125,289964
2023-10-27,3665.449951171875,3758.0,3651.0,3700.0,365480
2023-10-30,3646.64990234375,3688.0,3624.25,3686.699951171875,254298
2023-10-31,3633.39990234375,3671.25,3620.0,3657.64990234375,820386
2023-11-01,3639.449951171875,3660.60009765625,3621.0,3637.5,242467
2023-11-02,3647.449951171875,3677.949951171875,3624.14990234375,3639.0,216100
2023-11-03,3649.699951171875,3667.60009765625,3621.25,3667.60009765625,316179
2023-11-06,3649.550048828125,3692.89990234375,3635.300048828125,3654.550048828125,277254
2023-11-07,3653.300048828125,3667.949951171875,3636.0,3649.5,287032
2023-11-08,3712.39990234375,3727.949951171875,3658.0,3658.0,246719
2023-11-09,3747.60009765625,3765.0,3725.0,3733.89990234375,248748
2023-11-10,3798.39990234375,3800.0,3738.550048828125,3750.0,205429
2023-11-13,3798.449951171875,3819.800048828125,3740.199951171875,3809.949951171875,166502
2023-11-15,3791.949951171875,3814.949951171875,3750.10009765625,3810.0,372291
2023-11-16,3790.25,3800.0,3765.0,3795.0,148945
2023-11-17,3810.89990234375,3843.0,3780.0,3794.949951171875,266479
2023-11-20,3792.89990234375,3833.0,3771.699951171875,3810.89990234375,252998
2023-11-21,3814.949951171875,3842.0,3796.0,3796.0,196060
2023-11-22,3838.25,3873.85009765625,3812.35009765625,3820.0,200608
2023-11-23,3844.39990234375,3865.0,3798.949951171875,3848.0,201012
2023-11-24,3842.89990234375,3869.0,3799.0,3820.0,96391
2023-11-28,3912.14990234375,3934.0,3815.0,3815.0,449705
2023-11-29,3861.5,3937.0,3841.0,3915.0,333845
2023-11-30,3949.75,3962.0,3834.0,3878.0,698850
2023-12-01,3988.39990234375,3995.0,3931.14990234375,3969.64990234375,380041
2023-12-04,3967.10009765625,4049.0,3950.050048828125,4000.0,389629
2023-12-05,4039.550048828125,4041.0,3949.0,3950.0,443420
2023-12-06,4137.14990234375,4175.0,4039.0,4039.550048828125,861085
2023-12-07,4115.4501953125,4206.0,4095.0,4140.0498046875,414582
2023-12-08,4070.64990234375,4170.0,4027.64990234375,4155.9501953125,495575
2023-12-11,4069.75,4075.0,4025.050048828125,4070.64990234375,239939
2023-12-12,4075.39990234375,4100.0,4038.10009765625,4080.89990234375,349447
2023-12-13,4033.050048828125,4075.39990234375,3945.10009765625,4075.0,388573
2023-12-14,4070.050048828125,4081.0,3996.050048828125,4044.949951171875,264682
2023-12-15,4045.64990234375,4097.89990234375,4017.0,4085.0,300270
2023-12-18,4010.14990234375,4079.800048828125,4000.0,4045.0,221527
2023-12-19,4021.35009765625,4048.949951171875,3990.25,4010.0,185004
2023-12-20,3965.89990234375,4046.449951171875,3905.0,4011.0,244858
2023-12-21,3954.5,4009.89990234375,3920.050048828125,3950.0,286850
2023-12-22,4007.949951171875,4015.0,3962.050048828125,3977.949951171875,224831
2023-12-26,4023.449951171875,4038.199951171875,3995.35009765625,4009.949951171875,299135
2023-12-27,4027.449951171875,4063.300048828125,4000.0,4020.0,349033
2023-12-28,4044.64990234375,4058.39990234375,4015.0,4048.89990234375,403866
2023-12-29,4082.64990234375,4098.89990234375,3984.199951171875,4045.10009765625,224994
2024-01-01,4064.75,4080.0,4042.10009765625,4075.0,131614
2024-01-02,4103.35009765625,4155.0,4006.25,4070.0,843252
2024-01-03,3932.35009765625,4080.0,3919.39990234375,4080.0,964470
2024-01-04,3897.85009765625,3965.0,3888.0,3965.0,754490
2024-01-05,3863.5,3940.0,3810.0,3902.0,513823
2024-01-08,3804.39990234375,3919.89990234375,3791.0,3893.949951171875,692896
2024-01-09,3810.75,3850.0,3787.0,3810.10009765625,440688
2024-01-10,3822.0,3837.949951171875,3792.35009765625,3818.89990234375,338253
2024-01-11,3821.35009765625,3845.0,3805.0,3845.0,213492
2024-01-12,3841.0,3848.0,3794.10009765625,3827.949951171875,456627
2024-01-15,3858.25,3933.0,3851.0,3924.949951171875,505101
2024-01-16,3828.300048828125,3865.0,3807.0,3860.0,445672
2024-01-17,3786.449951171875,3811.89990234375,3750.0,3750.0,516399
2024-01-18,3748.85009765625,3790.0,3740.0,3786.449951171875,489754
2024-01-19,3731.699951171875,3768.699951171875,3704.5,3762.949951171875,565533
2024-01-23,3675.89990234375,3714.0,3651.050048828125,3675.0,299750
2024-01-24,3727.75,3748.0,3646.050048828125,3675.89990234375,316651
2024-01-25,3734.25,3750.0,3695.5,3731.0,200269
2024-01-29,3749.39990234375,3764.199951171875,3689.0,3700.0,216522
2024-01-30,3687.300048828125,3772.85009765625,3680.0,3740.0,263265
2024-01-31,3792.699951171875,3821.39990234375,3652.75,3680.0,353880
2024-02-01,3808.199951171875,3826.60009765625,3772.0,3810.0,188297
2024-02-02,3784.300048828125,3815.0,3770.0,3808.199951171875,186318
2024-02-05,3729.60009765625,3791.550048828125,3720.050048828125,3785.0,216052
2024-02-06,3727.39990234375,3737.699951171875,3702.050048828125,3730.0,148110
2024-02-07,3717.699951171875,3785.0,3703.0,3759.0,173087
2024-02-08,3731.050048828125,3787.949951171875,3715.0,3718.949951171875,261689
2024-02-09,3719.199951171875,3758.0,3699.0,3732.14990234375,306425
2024-02-12,3675.60009765625,3734.949951171875,3644.300048828125,3719.199951171875,199148
2024-02-13,3703.199951171875,3728.0,3660.89990234375,3685.050048828125,294135
2024-02-14,3722.39990234375,3739.0,3691.050048828125,3700.0,257694
2024-02-15,3678.60009765625,3729.949951171875,3671.35009765625,3722.39990234375,507420
2024-02-16,3693.300048828125,3724.64990234375,3665.10009765625,3698.60009765625,726598
2024-02-19,3707.25,3722.0,3673.300048828125,3673.300048828125,226669
2024-02-20,3756.199951171875,3784.0,3691.39990234375,3701.0,316518
2024-02-21,3835.75,3889.0,3752.0,3752.0,592509
2024-02-22,3851.449951171875,3869.0,3801.85009765625,3860.0,237411
2024-02-23,3840.550048828125,3872.0,3828.64990234375,3860.0,226731
2024-02-26,3850.35009765625,3859.0,3796.25,3840.550048828125,346646
2024-02-27,3852.199951171875,3885.0,3818.050048828125,3859.0,256237
2024-02-28,3850.0,3948.300048828125,3838.10009765625,3856.39990234375,505405
2024-02-29,3918.89990234375,3940.0,3797.050048828125,3818.39990234375,499782
2024-03-01,3884.14990234375,3936.75,3867.0,3925.0,261674
2024-03-04,3846.35009765625,3878.64990234375,3831.0,3870.949951171875,153055
2024-03-05,3834.5,3884.35009765625,3811.300048828125,3830.0,185829
2024-03-06,3888.64990234375,3895.0,3825.14990234375,3834.5,308886
2024-03-07,3925.949951171875,3942.64990234375,3877.199951171875,3888.64990234375,330459
2024-03-11,3979.64990234375,4025.0,3936.050048828125,3948.85009765625,689781
2024-03-12,4031.699951171875,4042.0,3900.0,3999.0,499999
2024-03-13,3967.800048828125,4056.0,3932.050048828125,4055.0,521699
2024-03-14,4019.25,4040.0,3890.0,3966.949951171875,355226
2024-03-15,3932.10009765625,4035.0,3904.0,4019.449951171875,348203
2024-03-18,4010.550048828125,4019.0,3918.699951171875,3932.10009765625,230448
2024-03-19,4014.10009765625,4046.050048828125,3983.050048828125,4008.0,451330
2024-03-20,4056.35009765625,4068.0,4009.25,4015.0,346426
2024-03-21,4163.10009765625,4238.0,4091.5,4117.0,1130832
2024-03-22,4297.60009765625,4330.5,4151.14990234375,4159.7998046875,921652
2024-03-26,4486.2001953125,4509.4501953125,4297.25,4315.75,1838678
2024-03-27,4420.5498046875,4533.0,4387.0498046875,4480.5,814043
2024-03-28,4525.60009765625,4560.0,4397.0498046875,4424.9501953125,892567
2024-04-01,4483.2998046875,4592.0,4456.2998046875,4570.0,410983
2024-04-02,4411.85009765625,4563.0,4400.0498046875,4503.0,442907
2024-04-03,4460.89990234375,4494.4501953125,4415.0,4455.0,257333
2024-04-04,4645.0498046875,4715.0,4540.0,4562.0,1564457
2024-04-05,4619.25,4685.0,4557.0,4645.0,418022
2024-04-08,4672.7998046875,4748.0,4640.0,4648.14990234375,461322
2024-04-09,4716.14990234375,4747.7998046875,4622.0,4671.9501953125,285672
2024-04-10,4754.0,4831.85009765625,4711.0,4736.60009765625,728446
2024-04-12,4765.0498046875,4806.75,4725.0,4753.89990234375,676863
2024-04-15,4686.7998046875,4736.5498046875,4620.60009765625,4680.0,358707
2024-04-16,4644.2998046875,4689.2998046875,4611.35009765625,4650.0,245231
2024-04-18,4627.10009765625,4694.2998046875,4605.0,4644.2998046875,417772
2024-04-19,4696.0,4836.7001953125,4651.10009765625,4766.9501953125,778084
2024-04-22,4758.0,4815.9501953125,4692.0498046875,4743.0,257706
2024-04-23,4800.5498046875,4890.0,4773.0,4804.5,458148
2024-04-24,4797.5498046875,4835.7001953125,4778.0,4820.0,199877
2024-04-25,4657.10009765625,4817.64990234375,4615.14990234375,4801.0,462020
2024-04-26,4553.14990234375,4719.9501953125,4531.5,4657.0498046875,254510
2024-04-29,4483.7998046875,4562.4501953125,4450.0,4560.5,385596
2024-04-30,4603.7998046875,4650.0,4455.14990234375,4455.14990234375,637696
2024-05-02,4605.0498046875,4642.4501953125,4578.0,4609.9501953125,256067
2024-05-03,4612.35009765625,4627.0,4545.0498046875,4626.9501953125,436785
2024-05-06,4600.60009765625,4739.89990234375,4576.0,4620.0,643041
2024-05-07,4660.4501953125,4698.0,4581.0,4619.9501953125,431030
2024-05-08,4806.75,4863.7998046875,4670.0,4674.7998046875,829723
2024-05-09,4798.64990234375,4895.60009765625,4730.0,4806.75,618014
2024-05-10,4796.7998046875,4852.0,4735.85009765625,4798.64990234375,290601
2024-05-13,4693.7001953125,4809.0,4667.0,4799.9501953125,190782
2024-05-14,4597.0498046875,4755.0,4550.35009765625,4739.0,376741
2024-05-15,4652.4501953125,4680.0,4597.10009765625,4614.9501953125,298259
2024-05-16,4671.25,4699.0,4660.0498046875,4674.2998046875,519285
2024-05-17,4682.89990234375,4710.0,4665.0498046875,4680.0,203113
2024-05-21,4705.89990234375,4737.4501953125,4605.4501953125,4670.0,179171
2024-05-22,4798.7998046875,4924.2001953125,4737.14990234375,4763.14990234375,716981
2024-05-23,4793.5498046875,4812.0,4755.7998046875,4794.5,151025
2024-05-24,4684.5,4841.39990234375,4674.10009765625,4797.89990234375,307316
2024-05-27,4537.35009765625,4669.0,4508.0,4651.5498046875,392853
2024-05-28,4474.4501953125,4588.85009765625,4440.2001953125,4551.89990234375,224693
2024-05-29,4476.85009765625,4564.85009765625,4435.10009765625,4474.0,234524
2024-05-30,4444.9501953125,4497.25,4410.0,4475.89990234375,141706
2024-05-31,4302.14990234375,4450.0,4250.39990234375,4440.0,866438
2024-06-03,4349.35009765625,4400.0,4301.0,4392.9501953125,279797
2024-06-04,4548.75,4590.0,4355.64990234375,4399.0,1093378
2024-06-05,4862.25,4900.0,4562.2001953125,4590.0,1495770
2024-06-06,4687.0498046875,4861.9501953125,4675.25,4861.9501953125,664303
2024-06-07,4747.25,4806.35009765625,4690.75,4700.0,352969
2024-06-10,4778.39990234375,4812.0,4688.0,4769.0498046875,276907
2024-06-11,4701.4501953125,4829.89990234375,4676.0,4800.0,266806
2024-06-12,4666.75,4740.0,4645.0,4710.0498046875,555091
2024-06-13,4656.64990234375,4739.9501953125,4640.0498046875,4697.25,238268
2024-06-14,4739.9501953125,4759.9501953125,4671.0498046875,4692.0,258982
2024-06-18,5039.2998046875,5080.0,4734.7998046875,4739.9501953125,2054168
2024-06-19,4933.89990234375,5219.0,4901.35009765625,5079.0,1438750
2024-06-20,4861.7001953125,5022.5,4832.2001953125,4947.4501953125,577843
2024-06-21,4804.85009765625,5082.9501953125,4763.0,4928.0,726519
2024-06-24,4833.7001953125,4875.0,4765.85009765625,4792.0,356824
2024-06-25,4783.35009765625,4905.0,4755.0,4850.0,376890
2024-06-26,4801.0,4823.9501953125,4690.0,4775.0,546313
2024-06-27,4900.10009765625,4960.0,4738.0,4819.9501953125,503719
2024-06-28,4716.75,4921.9501953125,4680.0,4900.0,685009
2024-07-01,4735.89990234375,4754.4501953125,4612.5,4725.10009765625,642169
2024-07-02,4773.85009765625,4825.25,4719.5498046875,4759.10009765625,360009
2024-07-03,4792.89990234375,4810.89990234375,4700.7001953125,4760.0,799111
2024-07-04,4768.10009765625,4825.0,4725.0,4785.10009765625,317759
2024-07-05,4853.10009765625,4871.0,4742.7998046875,4768.85009765625,359691
2024-07-08,4851.5498046875,4935.2001953125,4820.0,4860.0,706765
2024-07-09,4806.35009765625,4893.9501953125,4780.0,4853.10009765625,421547
2024-07-10,4834.4501953125,4894.35009765625,4731.10009765625,4825.0,284146
2024-07-11,4898.89990234375,4969.0,4832.25,4853.89990234375,568246
2024-07-12,4943.64990234375,5016.9501953125,4909.0,4939.89990234375,598090
2024-07-15,4988.85009765625,5164.0,4943.64990234375,5126.4501953125,1405587
2024-07-16,5039.85009765625,5104.0,4979.0,5000.0,1062769
2024-07-18,5083.4501953125,5096.9501953125,5028.0,5039.85009765625,837644
2024-07-19,5010.7001953125,5078.5,4955.0,5062.10009765625,444963
2024-07-22,5012.85009765625,5031.9501953125,4922.75,4955.0,559762
2024-07-23,5065.25,5095.4501953125,4925.10009765625,5013.0,431809
2024-07-24,5158.4501953125,5205.0,5082.64990234375,5100.0,630155
2024-07-25,5171.35009765625,5184.89990234375,5058.10009765625,5148.0,393012
2024-07-26,5071.60009765625,5199.0,5040.0,5199.0,234445
2024-07-29,5112.85009765625,5144.0,5041.7998046875,5144.0,206613
2024-07-30,5027.2001953125,5175.5498046875,5000.10009765625,5140.0,299951
2024-07-31,4935.9501953125,5068.89990234375,4910.2001953125,5040.0,912329
2024-08-01,4993.7998046875,5008.0,4883.0,4949.0,202176
2024-08-02,4909.7001953125,5029.75,4890.14990234375,4950.0,486355
2024-08-05,4817.4501953125,5010.0,4801.0,4861.5,715443
2024-08-06,4909.89990234375,5045.25,4818.14990234375,4818.14990234375,798720
2024-08-07,5018.5,5063.5498046875,4954.4501953125,4960.0,322153
2024-08-08,4980.10009765625,5063.89990234375,4942.0,5049.9501953125,348300
2024-08-09,4989.9501953125,5063.7998046875,4971.35009765625,5033.0,102057
2024-08-12,5013.7998046875,5025.0,4960.5498046875,4999.0,167412
2024-08-13,4929.5,5048.0,4905.5,5039.9501953125,138438
2024-08-14,4960.2998046875,5020.0,4913.2998046875,4950.0,282580
2024-08-16,5021.2998046875,5025.0,4902.7001953125,4995.0,193826
2024-08-19,5002.7001953125,5048.0,4982.0498046875,5040.0,171799
2024-08-20,5079.2001953125,5095.9501953125,4987.7001953125,5008.0,320092
2024-08-21,5099.4501953125,5164.0,5051.85009765625,5095.0,796491
2024-08-22,5057.85009765625,5145.0,5021.14990234375,5145.0,353198
2024-08-23,4901.5,5088.7998046875,4880.0,5045.0,802974
2024-08-26,4959.39990234375,4978.75,4900.10009765625,4903.0,475103
2024-08-27,4958.5498046875,5010.0,4925.64990234375,5010.0,144910
2024-08-28,4964.85009765625,4995.5,4905.0,4995.5,504521
2024-08-29,5008.7998046875,5155.5498046875,4980.64990234375,4991.5,939641
2024-08-30,4927.4501953125,5042.0,4900.0,5020.0,564035
2024-09-02,4999.85009765625,5023.9501953125,4951.0,4977.0,290596
2024-09-03,4980.60009765625,5039.7998046875,4965.0,5029.0,222027
2024-09-04,5100.89990234375,5109.0,4960.35009765625,4974.0,319841
2024-09-05,5308.14990234375,5361.14990234375,5077.10009765625,5084.10009765625,1323435
2024-09-06,5303.4501953125,5354.5498046875,5202.0,5293.0,721164
2024-09-09,5361.39990234375,5395.0,5216.0498046875,5303.4501953125,594876
2024-09-10,5344.39990234375,5422.4501953125,5315.0,5361.39990234375,400985
2024-09-11,5299.10009765625,5449.0,5279.10009765625,5357.89990234375,461780
2024-09-12,5238.5498046875,5376.0498046875,5216.89990234375,5330.0,380591
2024-09-13,5187.0498046875,5255.85009765625,5155.0,5250.89990234375,395545
2024-09-16,5204.7998046875,5260.0,5176.14990234375,5188.0498046875,198479
2024-09-17,5219.85009765625,5254.0,5200.10009765625,5227.0,155984
2024-09-18,5265.2001953125,5289.0,5219.89990234375,5225.0,201983
2024-09-19,5342.5,5443.9501953125,5180.0,5295.0,392198
2024-09-20,5320.5498046875,5417.9501953125,5225.10009765625,5360.0,598428
2024-09-23,5297.4501953125,5363.0,5260.25,5355.14990234375,179528
2024-09-24,5391.4501953125,5484.85009765625,5231.14990234375,5304.9501953125,672936
2024-09-25,5265.5,5417.5,5232.0,5400.0,529354
2024-09-26,5198.0498046875,5313.4501953125,5164.0,5313.4501953125,372440
2024-09-27,5102.2998046875,5226.0,5090.0,5224.60009765625,566687
2024-09-30,5096.2998046875,5215.0,5080.0,5102.2998046875,437174
2024-10-01,4954.35009765625,5138.0,4936.10009765625,5095.0,562718
2024-10-03,4942.60009765625,5015.0,4881.0,4924.5498046875,615247
2024-10-04,4737.5498046875,4875.0,4696.10009765625,4875.0,2983666
2024-10-07,4544.14990234375,4752.89990234375,4518.0,4741.0,1864971
2024-10-08,4465.4501953125,4619.89990234375,4435.0,4544.14990234375,1009173
2024-10-09,4645.39990234375,4688.75,4481.64990234375,4510.0,1059581
2024-10-10,4607.5,4698.89990234375,4572.0,4664.7998046875,316729
2024-10-11,4572.7001953125,4643.10009765625,4529.0,4643.10009765625,410581
2024-10-14,4183.60009765625,4299.0,4139.9501953125,4204.0,4876749
2024-10-15,4193.5498046875,4238.9501953125,4180.60009765625,4230.0,1355665
2024-10-16,4173.7998046875,4215.0,4149.0,4209.0,688895
2024-10-17,4087.699951171875,4180.0,4044.0,4175.0,731365
2024-10-18,3986.699951171875,4114.0,3975.10009765625,4100.0,1094839
2024-10-21,3973.449951171875,4073.0,3961.0,4000.050048828125,494815
2024-10-22,4005.199951171875,4057.0,3965.89990234375,3999.89990234375,698102
2024-10-23,4156.10009765625,4224.7998046875,3978.0,4009.0,686716
2024-10-24,4060.10009765625,4187.89990234375,4044.64990234375,4155.75,435991
2024-10-25,4052.199951171875,4125.0,3985.449951171875,4061.949951171875,423224
2024-10-28,3987.5,4094.300048828125,3975.0,4052.199951171875,297228
2024-10-29,3965.14990234375,4010.0,3940.199951171875,4000.0,304479
2024-10-30,3932.449951171875,4036.949951171875,3920.0,4000.0,651051
2024-10-31,3930.699951171875,3939.35009765625,3876.0,3930.0,267667
2024-11-01,4001.60009765625,4010.0,3939.949951171875,3949.949951171875,67509
2024-11-04,3945.85009765625,4006.10009765625,3899.64990234375,4000.75,391414
2024-11-05,3926.550048828125,3958.85009765625,3905.050048828125,3945.85009765625,353931
2024-11-06,3922.300048828125,3950.0,3915.64990234375,3925.0,357725
2024-11-07,3889.10009765625,3943.199951171875,3871.0,3940.0,279832
2024-11-08,3874.5,3910.10009765625,3860.14990234375,3873.050048828125,428073
2024-11-11,3885.699951171875,3940.0,3814.300048828125,3899.64990234375,417671
2024-11-12,3777.0,3910.0,3762.550048828125,3910.0,683988
2024-11-13,3759.550048828125,3874.949951171875,3751.0,3774.0,419503
2024-11-14,3823.85009765625,3858.85009765625,3769.0,3785.199951171875,305991
2024-11-18,3790.550048828125,3948.0,3757.60009765625,3948.0,656068
2024-11-19,3752.449951171875,3794.550048828125,3737.64990234375,3792.5,813368
2024-11-21,3622.89990234375,3774.550048828125,3604.050048828125,3765.050048828125,934131
2024-11-22,3613.64990234375,3656.10009765625,3564.0,3615.85009765625,940870
2024-11-25,3621.050048828125,3738.60009765625,3592.10009765625,3686.0,1144350
2024-11-26,3659.14990234375,3681.0,3622.0,3635.0,444828
2024-11-27,3661.25,3692.5,3610.050048828125,3674.0,361531
2024-11-28,3716.550048828125,3757.89990234375,3651.0,3696.64990234375,658002
2024-11-29,3709.60009765625,3730.449951171875,3661.550048828125,3714.699951171875,913178
2024-12-02,3678.39990234375,3722.949951171875,3622.699951171875,3715.449951171875,975522
2024-12-03,3829.85009765625,3853.10009765625,3655.699951171875,3678.39990234375,979946
2024-12-04,3850.10009765625,3889.25,3801.050048828125,3850.0,791735
2024-12-05,3863.949951171875,3882.0,3822.699951171875,3865.0,467723
2024-12-06,3805.550048828125,3920.449951171875,3784.050048828125,3889.0,1141350
2024-12-09,3829.050048828125,3844.0,3761.0,3800.0,948370
2024-12-10,3816.89990234375,3853.0,3776.60009765625,3835.0,573687
2024-12-11,3708.300048828125,3760.0,3671.35009765625,3700.0,1839723
2024-12-12,3688.449951171875,3736.800048828125,3678.449951171875,3729.949951171875,576170
2024-12-13,3652.300048828125,3694.800048828125,3612.0,3688.449951171875,806508
2024-12-16,3623.800048828125,3672.5,3612.25,3650.0,595919
2024-12-17,3542.949951171875,3629.949951171875,3519.0,3627.050048828125,988419
2024-12-18,3515.699951171875,3558.0,3492.699951171875,3542.949951171875,748691
2024-12-19,3498.14990234375,3522.699951171875,3455.699951171875,3500.0,684534
2024-12-20,3408.300048828125,3519.949951171875,3399.0,3519.949951171875,914445
2024-12-23,3460.550048828125,3475.89990234375,3419.050048828125,3443.449951171875,642122
2024-12-24,3459.64990234375,3524.89990234375,3450.85009765625,3474.0,465809
2024-12-26,3511.64990234375,3524.0,3446.199951171875,3462.699951171875,611648
2024-12-27,3568.35009765625,3573.39990234375,3481.050048828125,3481.050048828125,451012
2024-12-30,3588.550048828125,3669.89990234375,3495.050048828125,3570.0,2347725
2024-12-31,3561.85009765625,3577.949951171875,3510.10009765625,3555.0,693775
2025-01-01,3561.0,3586.949951171875,3536.550048828125,3560.0,241116
2025-01-02,3611.10009765625,3635.0,3550.25,3564.949951171875,566194
2025-01-03,4025.199951171875,4165.89990234375,3820.0,3840.0,9284385
2025-01-06,3934.75,4061.75,3920.10009765625,4025.199951171875,889155
2025-01-07,3830.300048828125,3958.949951171875,3820.0,3934.0,672094
2025-01-08,3843.0,3873.949951171875,3761.800048828125,3857.0,849681
2025-01-09,3813.800048828125,3860.0,3790.10009765625,3853.5,727974
2025-01-10,3686.25,3837.800048828125,3666.64990234375,3837.800048828125,902001
2025-01-13,3507.449951171875,3643.949951171875,3469.949951171875,3501.0,2952386
2025-01-14,3476.5,3538.949951171875,3443.0,3529.949951171875,746217
2025-01-15,3568.449951171875,3578.949951171875,3476.5,3500.050048828125,744961
2025-01-16,3600.949951171875,3643.300048828125,3570.0,3570.0,395260
2025-01-17,3620.64990234375,3649.949951171875,3580.949951171875,3610.0,244753
2025-01-20,3614.699951171875,3640.0,3598.0,3624.0,195566
2025-01-21,3587.800048828125,3630.0,3547.35009765625,3614.699951171875,211130
2025-01-22,3561.60009765625,3619.0,3524.5,3604.0,320915
2025-01-23,3598.35009765625,3609.800048828125,3530.0,3555.0,263606
2025-01-24,3579.949951171875,3608.5,3535.0,3598.0,288983
2025-01-27,3532.949951171875,3565.0,3507.0,3565.0,387420
2025-01-28,3559.300048828125,3595.0,3495.300048828125,3540.199951171875,490412
2025-01-29,3568.10009765625,3586.199951171875,3540.949951171875,3555.800048828125,387658
2025-01-30,3575.39990234375,3585.0,3553.60009765625,3572.050048828125,325453
2025-01-31,3664.64990234375,3703.699951171875,3570.0,3575.0,339017
2025-02-01,4023.75,4084.699951171875,3633.0,3670.0,3123773
2025-02-03,3947.85009765625,4090.0,3859.300048828125,3899.949951171875,1842880
2025-02-04,3919.85009765625,4017.64990234375,3890.0,3954.949951171875,770272
2025-02-05,3865.699951171875,4015.0,3841.0,3910.0,693767
2025-02-06,3748.449951171875,3905.0,3724.050048828125,3905.0,400410
2025-02-07,3743.5,3764.10009765625,3695.39990234375,3750.0,301644
2025-02-10,3722.050048828125,3813.0,3693.050048828125,3756.60009765625,428010
2025-02-11,3682.699951171875,3749.60009765625,3663.0,3724.800048828125,315000
2025-02-12,3689.89990234375,3699.89990234375,3585.0,3681.5,478915
2025-02-13,3696.5,3722.300048828125,3659.0,3698.89990234375,243492
2025-02-14,3682.64990234375,3755.10009765625,3636.85009765625,3706.0,286886
2025-02-17,3621.5,3683.0,3596.60009765625,3645.050048828125,571642
2025-02-18,3676.60009765625,3705.949951171875,3606.25,3630.0,372638
2025-02-19,3685.0,3713.949951171875,3627.449951171875,3674.300048828125,265834
2025-02-20,3623.800048828125,3709.0,3615.0,3687.0,552762
2025-02-21,3596.699951171875,3663.0,3569.5,3630.0,532244
2025-02-24,3570.89990234375,3611.39990234375,3555.550048828125,3589.800048828125,370764
2025-02-25,3530.75,3571.0,3516.64990234375,3557.0,375510
2025-02-27,3507.199951171875,3575.0,3492.050048828125,3556.0,469275
2025-02-28,3403.949951171875,3532.550048828125,3391.0,3507.0,799598
2025-03-03,3453.199951171875,3472.0,3340.0,3425.0,807297
2025-03-04,3408.39990234375,3460.0,3400.0,3429.699951171875,637407
2025-03-05,3474.5,3505.0,3408.39990234375,3408.39990234375,417930
2025-03-06,3540.5,3552.0,3475.0,3505.0,797590
2025-03-07,3593.60009765625,3636.300048828125,3549.949951171875,3568.0,681832
2025-03-10,3603.75,3624.949951171875,3548.199951171875,3600.0,327825
2025-03-11,3631.64990234375,3639.89990234375,3551.550048828125,3586.949951171875,255758
2025-03-12,3674.199951171875,3685.0,3622.449951171875,3655.25,265757
2025-03-13,3797.10009765625,3877.050048828125,3670.0,3681.0,2325270
2025-03-17,3825.300048828125,3832.35009765625,3788.10009765625,3797.10009765625,425089
2025-03-18,3825.300048828125,3825.300048828125,3825.300048828125,3825.300048828125,0
2025-03-19,3845.199951171875,3860.0,3795.0,3850.0,285707
2025-03-20,3884.39990234375,3904.75,3831.14990234375,3864.39990234375,267764
2025-03-21,3892.199951171875,3948.800048828125,3871.85009765625,3890.0,431562
2025-03-24,3905.10009765625,3948.949951171875,3890.0,3900.0,209015
2025-03-25,3998.800048828125,4033.949951171875,3883.949951171875,3935.0,704455
2025-03-26,3945.699951171875,4018.10009765625,3917.300048828125,4010.0,384630
2025-03-27,4065.0,4085.0,3932.449951171875,3940.0,735787
2025-03-28,4083.199951171875,4190.0,4055.050048828125,4065.0,886798
2025-04-01,4003.60009765625,4163.39990234375,3994.60009765625,4109.75,401323
2025-04-02,4121.4501953125,4131.7001953125,3996.0,4045.0,390709
2025-04-03,4157.7998046875,4195.5,4077.050048828125,4121.4501953125,426311
2025-04-04,4039.89990234375,4155.0,3943.0,4155.0,818952
2025-04-07,4023.14990234375,4037.10009765625,3761.199951171875,3761.199951171875,472568
2025-04-08,4053.85009765625,4100.0,4020.0,4079.0,552578
2025-04-09,4139.2998046875,4151.85009765625,4014.0,4053.85009765625,663300
2025-04-11,4131.5,4192.0,4113.0498046875,4157.0,570955
2025-04-15,4212.7001953125,4227.0,4088.0,4200.0,569335
2025-04-16,4221.5,4265.0,4200.2001953125,4240.0,331624
2025-04-17,4357.10009765625,4397.0,4192.2001953125,4221.0,1020665
2025-04-21,4342.2998046875,4429.0,4321.60009765625,4357.0,561592
2025-04-22,4435.60009765625,4497.0,4315.0,4363.0,998024
2025-04-23,4508.10009765625,4533.7998046875,4434.0,4455.5,1223678
2025-04-24,4498.7998046875,4557.7001953125,4452.0,4509.7998046875,1698949
2025-04-25,4375.2001953125,4520.7001953125,4350.0,4501.89990234375,540513
2025-04-28,4366.7998046875,4462.2998046875,4351.2001953125,4375.2001953125,676462
2025-04-29,4310.0,4414.7001953125,4288.5,4370.0,388125
2025-04-30,4199.89990234375,4355.0,4147.5,4352.0,814008
2025-05-02,4042.199951171875,4225.0,4022.0,4180.0,641655
2025-05-05,4018.39990234375,4059.89990234375,3915.0,3956.0,1405524
2025-05-06,4006.10009765625,4077.0,3993.699951171875,4018.5,399031
2025-05-07,3999.800048828125,4032.5,3950.800048828125,3973.0,387479
2025-05-08,3974.300048828125,4069.5,3958.0,4037.699951171875,473679
2025-05-09,3972.39990234375,3994.60009765625,3850.0,3850.0,422106
2025-05-12,4023.5,4050.0,3995.89990234375,4050.0,330754
2025-05-13,4064.10009765625,4107.0,4033.0,4033.0,368484
2025-05-14,4049.199951171875,4098.2001953125,4010.10009765625,4090.10009765625,393288
2025-05-15,4073.5,4120.89990234375,4040.0,4060.0,263184
2025-05-16,4189.7001953125,4196.0,4042.5,4070.0,386496
2025-05-19,4206.7998046875,4247.7001953125,4190.0,4200.0,301182
2025-05-20,4071.5,4233.7001953125,4063.199951171875,4216.0,497090
2025-05-21,4112.7001953125,4125.5,4070.0,4090.0,194859
2025-05-22,4082.699951171875,4128.0,4051.0,4112.7998046875,277337
2025-05-23,4140.7998046875,4153.2998046875,4065.199951171875,4083.89990234375,269462
2025-05-26,4138.39990234375,4170.0,4120.0,4145.0,139851
2025-05-27,4094.0,4149.5,4078.0,4139.7998046875,324619
2025-05-28,4042.300048828125,4101.89990234375,4040.0,4094.0,254917
2025-05-29,4042.300048828125,4070.0,4015.0,4050.0,252344
2025-05-30,4002.10009765625,4085.39990234375,3991.800048828125,4042.300048828125,448046
2025-06-02,4025.5,4044.0,3981.300048828125,3990.0,232097
2025-06-03,4055.199951171875,4058.5,4014.300048828125,4025.5,310603
2025-06-04,4074.5,4085.0,4007.5,4061.60009765625,196473
2025-06-05,4153.5,4244.7998046875,4074.5,4078.0,783594
2025-06-06,4201.60009765625,4240.0,4143.5,4166.0,354672
2025-06-09,4179.10009765625,4227.10009765625,4167.0,4201.60009765625,213415
2025-06-10,4080.0,4192.2001953125,3928.89990234375,4179.10009765625,3585928
2025-06-11,4078.199951171875,4134.2998046875,4051.0,4080.0,688519
2025-06-12,4074.0,4105.0,4032.300048828125,4100.0,769964
2025-06-13,4051.89990234375,4078.5,3983.60009765625,4034.0,303824
2025-06-16,4087.0,4096.89990234375,3983.60009765625,4034.800048828125,271737
2025-06-17,4059.10009765625,4109.0,4041.0,4087.0,232437
2025-06-18,4228.39990234375,4240.0,4081.0,4102.2001953125,1806132
2025-06-19,4203.10009765625,4254.0,4160.2998046875,4229.0,741827
2025-06-20,4300.2998046875,4324.5,4161.10009765625,4203.10009765625,1012429
2025-06-23,4335.7998046875,4358.60009765625,4255.39990234375,4269.10009765625,824556
2025-06-24,4250.60009765625,4356.7001953125,4239.39990234375,4353.0,439985
2025-06-25,4276.39990234375,4294.0,4236.7001953125,4251.2998046875,533866
2025-06-26,4315.39990234375,4333.39990234375,4268.0,4295.0,326677
2025-06-27,4313.5,4348.89990234375,4290.0,4322.89990234375,251774
2025-06-30,4372.2998046875,4395.0,4313.5,4319.7998046875,811305
2025-07-01,4452.39990234375,4483.60009765625,4380.5,4389.0,953859
2025-07-02,4391.89990234375,4495.5,4340.0,4495.5,772653
2025-07-03,4348.7001953125,4374.7998046875,4217.89990234375,4349.5,1833798
2025-07-04,4261.10009765625,4375.5,4251.0,4364.89990234375,488810
2025-07-07,4236.2998046875,4297.0,4230.10009765625,4279.0,247672
2025-07-08,4213.0,4267.7001953125,4193.0,4259.89990234375,378622
2025-07-09,4190.89990234375,4242.39990234375,4171.0,4213.0,234783
2025-07-10,4169.0,4212.10009765625,4150.10009765625,4190.89990234375,294423
2025-07-11,4064.199951171875,4185.0,4041.0,4169.0,802558
2025-07-14,4011.300048828125,4115.0,3930.0,4090.0,2032633
2025-07-15,4026.699951171875,4058.0,3991.699951171875,4020.10009765625,1541742
2025-07-16,4086.0,4127.89990234375,4012.5,4026.800048828125,759577
2025-07-17,4055.89990234375,4100.0,4049.0,4095.89990234375,168284
2025-07-18,4048.60009765625,4073.699951171875,4028.39990234375,4059.89990234375,247574
2025-07-21,4023.699951171875,4049.800048828125,4002.60009765625,4039.800048828125,403439
2025-07-22,4033.300048828125,4084.0,4009.5,4042.699951171875,960660
2025-07-23,4043.89990234375,4050.5,3995.10009765625,4039.89990234375,709291
2025-07-24,4021.0,4069.199951171875,4012.89990234375,4045.5,402668
2025-07-25,3997.0,4027.10009765625,3951.10009765625,4021.800048828125,431585
2025-07-28,3949.89990234375,4019.39990234375,3941.0,3991.0,325329
2025-07-29,3999.0,4007.10009765625,3931.0,3976.300048828125,277427
2025-07-30,4281.39990234375,4324.0,3999.0,3999.0,3389361
2025-07-31,4267.39990234375,4346.7998046875,4235.0,4235.0,1085879
2025-08-01,4196.0,4310.0,4175.0,4267.89990234375,351617
2025-08-04,4197.2001953125,4225.2001953125,4139.10009765625,4196.0,279716
2025-08-05,4257.7998046875,4267.39990234375,4188.10009765625,4200.0,366011
2025-08-06,4242.0,4284.0,4222.5,4284.0,256136
2025-08-07,4263.5,4290.0,4207.10009765625,4241.89990234375,244170
2025-08-08,4170.10009765625,4280.0,4163.0,4220.0,281763
2025-08-11,4184.5,4222.7998046875,4150.10009765625,4150.10009765625,244806
2025-08-12,4252.5,4273.39990234375,4184.5,4184.5,278164
2025-08-13,4334.60009765625,4340.0,4247.2998046875,4255.0,470225
2025-08-14,4358.2001953125,4394.89990234375,4327.10009765625,4334.60009765625,646059
2025-08-18,4558.0,4592.89990234375,4401.5,4446.0,1589953
2025-08-19,4653.2001953125,4661.60009765625,4561.2998046875,4584.89990234375,856309
2025-08-20,4737.89990234375,4759.89990234375,4630.10009765625,4651.5,1269103
2025-08-21,4691.89990234375,4749.60009765625,4673.0,4737.89990234375,873600
2025-08-22,4698.7998046875,4730.0,4636.7998046875,4708.0,449652
2025-08-25,4725.2998046875,4750.5,4700.10009765625,4714.5,853238
2025-08-26,4716.39990234375,4799.10009765625,4696.2001953125,4751.7998046875,911518
2025-08-28,4699.89990234375,4805.0,4671.39990234375,4805.0,648948
2025-08-29,4755.60009765625,4800.5,4680.0,4720.0,591567
2025-09-01,4734.89990234375,4829.0,4720.0,4753.0,564620
2025-09-02,4680.0,4772.0,4670.0,4749.89990234375,395168
2025-09-03,4758.5,4780.0,4675.5,4680.0,406023
2025-09-04,4829.2998046875,4949.5,4781.5,4949.0,999705
2025-09-05,4793.2998046875,4898.5,4767.2001953125,4850.0,247794
2025-09-08,4714.2001953125,4814.89990234375,4690.60009765625,4810.0,214159
2025-09-09,4759.7998046875,4778.0,4691.5,4726.10009765625,184352
2025-09-10,4631.2998046875,4789.7998046875,4613.0,4778.0,341652
2025-09-11,4589.7001953125,4646.0,4562.60009765625,4642.2998046875,381814
2025-09-12,4616.60009765625,4634.0,4587.0,4632.0,384352
2025-09-15,4651.0,4697.5,4575.0,4616.0,384078
2025-09-16,4696.2001953125,4715.0,4655.0,4667.0,239708
2025-09-17,4717.2998046875,4755.10009765625,4693.2998046875,4712.0,299305
2025-09-18,4760.2998046875,4818.0,4745.7998046875,4768.0,420160
2025-09-19,4775.2998046875,4798.0,4728.0,4773.0,456609
2025-09-22,4671.2001953125,4789.7998046875,4655.2998046875,4785.39990234375,253711
2025-09-23,4633.89990234375,4711.7001953125,4572.5,4695.7998046875,398679
2025-09-24,4645.7998046875,4754.60009765625,4606.39990234375,4630.0,484648
2025-09-25,4576.2001953125,4651.7001953125,4565.10009765625,4640.0,454357
2025-09-26,4517.7998046875,4629.2998046875,4510.0,4589.89990234375,504865
2025-09-29,4529.89990234375,4571.0,4483.7998046875,4500.0,429367
2025-09-30,4475.39990234375,4566.89990234375,4419.89990234375,4530.0,733529
2025-10-01,4449.89990234375,4529.7001953125,4422.0,4475.39990234375,507811
2025-10-03,4418.39990234375,4445.0,4387.10009765625,4445.0,477671
2025-10-06,4301.60009765625,4388.10009765625,4269.0,4375.0,1191976
2025-10-07,4303.0,4345.0,4269.0,4315.0,597770
2025-10-08,4294.39990234375,4323.0,4268.0,4305.0,402659
2025-10-09,4305.10009765625,4320.0,4275.0,4294.39990234375,224961
2025-10-10,4320.39990234375,4365.89990234375,4301.5,4308.89990234375,423959
2025-10-13,4202.60009765625,4349.89990234375,4192.10009765625,4275.0,959344
2025-10-14,4205.2001953125,4246.0,4196.7001953125,4235.0,276492
2025-10-15,4259.60009765625,4275.0,4215.0,4230.0,415827
2025-10-16,4316.10009765625,4334.7998046875,4267.39990234375,4278.0,363379
2025-10-17,4302.5,4316.10009765625,4276.89990234375,4312.0,234370
2025-10-20,4275.2998046875,4319.7001953125,4260.0,4310.0,228477
2025-10-21,4274.5,4311.0,4260.0,4308.0,36984
2025-10-23,4268.0,4334.5,4256.2001953125,4287.0,274317
2025-10-24,4213.89990234375,4271.7001953125,4197.0,4268.0,250190
2025-10-27,4257.89990234375,4264.89990234375,4214.0,4214.0,281638
2025-10-28,4220.89990234375,4292.7998046875,4183.10009765625,4274.60009765625,310562
2025-10-29,4229.39990234375,4254.0,4213.2001953125,4225.0,148520
2025-10-30,4161.10009765625,4248.0,4149.89990234375,4248.0,445095
2025-10-31,4153.5,4204.89990234375,4147.0,4164.10009765625,280621
2025-11-03,4156.0,4173.5,4111.0,4153.5,178823
2025-11-04,4182.39990234375,4222.0,4145.0,4160.0,314080
2025-11-05,4182.39990234375,4182.39990234375,4182.39990234375,4182.39990234375,0
2025-11-06,4082.199951171875,4191.39990234375,4071.89990234375,4182.39990234375,487314
2025-11-07,4011.0,4082.199951171875,3984.60009765625,4082.199951171875,1195522
2025-11-10,4019.0,4067.0,4011.0,4011.0,290454
2025-11-11,4072.199951171875,4077.39990234375,4020.0,4025.0,272277
2025-11-12,4058.0,4112.60009765625,4047.300048828125,4112.60009765625,381769
2025-11-13,4062.5,4090.0,4040.39990234375,4058.0,252053
2025-11-14,4053.699951171875,4069.199951171875,4020.0,4060.0,305911
2025-11-17,4036.199951171875,4086.0,4032.0,4059.89990234375,186267
2025-11-18,3997.199951171875,4042.199951171875,3991.60009765625,4036.199951171875,311407
2025-11-19,4026.5,4039.0,3997.10009765625,4010.0,378207
2025-11-20,4085.0,4099.7001953125,4037.10009765625,4045.0,387479
2025-11-21,4038.0,4098.89990234375,4030.5,4085.0,330945
2025-11-24,3987.5,4048.5,3975.199951171875,4046.89990234375,724592
